<?xml version="1.0" encoding="utf-8"?>
<content_type_fields>
  <field content_type="resource" field_name="approval_queue_handler_class">XFRM\ApprovalQueue\ResourceItem</field>
  <field content_type="resource" field_name="email_stop_class">XFRM\EmailStop\ResourceItem</field>
  <field content_type="resource" field_name="entity">XFRM:ResourceItem</field>
  <field content_type="resource" field_name="find_new_handler_class">XFRM\FindNew\ResourceItem</field>
  <field content_type="resource" field_name="inline_mod_handler_class">XFRM\InlineMod\ResourceItem</field>
  <field content_type="resource" field_name="moderator_log_handler_class">XFRM\ModeratorLog\ResourceItem</field>
  <field content_type="resource" field_name="news_feed_handler_class">XFRM\NewsFeed\ResourceItem</field>
  <field content_type="resource" field_name="phrase">xfrm_resource</field>
  <field content_type="resource" field_name="phrase_plural">xfrm_resources</field>
  <field content_type="resource" field_name="search_handler_class">XFRM\Search\Data\ResourceItem</field>
  <field content_type="resource" field_name="sitemap_handler_class">XFRM\Sitemap\ResourceItem</field>
  <field content_type="resource" field_name="spam_handler_class">XFRM\Spam\Cleaner\ResourceItem</field>
  <field content_type="resource" field_name="stats_handler_class">XFRM\Stats\ResourceItem</field>
  <field content_type="resource" field_name="tag_handler_class">XFRM\Tag\ResourceItem</field>
  <field content_type="resource_category" field_name="email_stop_class">XFRM\EmailStop\Category</field>
  <field content_type="resource_category" field_name="permission_handler_class">XFRM\Permission\CategoryPermissions</field>
  <field content_type="resource_category" field_name="phrase">xfrm_resource_category</field>
  <field content_type="resource_category" field_name="phrase_plural">xfrm_resource_categories</field>
  <field content_type="resource_rating" field_name="alert_handler_class">XFRM\Alert\ResourceRating</field>
  <field content_type="resource_rating" field_name="entity">XFRM:ResourceRating</field>
  <field content_type="resource_rating" field_name="moderator_log_handler_class">XFRM\ModeratorLog\ResourceRating</field>
  <field content_type="resource_rating" field_name="news_feed_handler_class">XFRM\NewsFeed\ResourceRating</field>
  <field content_type="resource_rating" field_name="phrase">xfrm_resource_rating</field>
  <field content_type="resource_rating" field_name="report_handler_class">XFRM\Report\ResourceRating</field>
  <field content_type="resource_rating" field_name="spam_handler_class">XFRM\Spam\Cleaner\ResourceRating</field>
  <field content_type="resource_rating" field_name="warning_handler_class">XFRM\Warning\ResourceRating</field>
  <field content_type="resource_update" field_name="alert_handler_class">XFRM\Alert\ResourceUpdate</field>
  <field content_type="resource_update" field_name="approval_queue_handler_class">XFRM\ApprovalQueue\ResourceUpdate</field>
  <field content_type="resource_update" field_name="attachment_handler_class">XFRM\Attachment\ResourceUpdate</field>
  <field content_type="resource_update" field_name="entity">XFRM:ResourceUpdate</field>
  <field content_type="resource_update" field_name="like_handler_class">XFRM\Like\ResourceUpdate</field>
  <field content_type="resource_update" field_name="moderator_log_handler_class">XFRM\ModeratorLog\ResourceUpdate</field>
  <field content_type="resource_update" field_name="news_feed_handler_class">XFRM\NewsFeed\ResourceUpdate</field>
  <field content_type="resource_update" field_name="phrase">xfrm_resource_update</field>
  <field content_type="resource_update" field_name="phrase_plural">xfrm_resource_updates</field>
  <field content_type="resource_update" field_name="report_handler_class">XFRM\Report\ResourceUpdate</field>
  <field content_type="resource_update" field_name="search_handler_class">XFRM\Search\Data\ResourceUpdate</field>
  <field content_type="resource_update" field_name="warning_handler_class">XFRM\Warning\ResourceUpdate</field>
  <field content_type="resource_version" field_name="approval_queue_handler_class">XFRM\ApprovalQueue\ResourceVersion</field>
  <field content_type="resource_version" field_name="attachment_handler_class">XFRM\Attachment\ResourceVersion</field>
  <field content_type="resource_version" field_name="entity">XFRM:ResourceVersion</field>
  <field content_type="resource_version" field_name="moderator_log_handler_class">XFRM\ModeratorLog\ResourceVersion</field>
  <field content_type="resource_version" field_name="phrase">xfrm_resource_version</field>
</content_type_fields>
