<?xml version="1.0" encoding="utf-8"?>
<navigation>
  <navigation_entry navigation_id="xfrm" display_order="500" navigation_type_id="basic" enabled="1"><![CDATA[{"link":"{{ link('resources') }}","display_condition":"$xf.visitor.canViewResources()","extra_attributes":[]}]]></navigation_entry>
  <navigation_entry navigation_id="xfrmLatestReviews" parent_navigation_id="xfrm" display_order="100" navigation_type_id="basic" enabled="1"><![CDATA[{"link":"{{ link('resources\/latest-reviews') }}","display_condition":"","extra_attributes":[]}]]></navigation_entry>
  <navigation_entry navigation_id="xfrmNewResources" parent_navigation_id="whatsNew" display_order="400" navigation_type_id="basic" enabled="1"><![CDATA[{"link":"{{ link('whats-new\/resources') }}","display_condition":"$xf.visitor.canViewResources()","extra_attributes":{"rel":"nofollow"}}]]></navigation_entry>
  <navigation_entry navigation_id="xfrmSearchResources" parent_navigation_id="xfrm" display_order="400" navigation_type_id="basic" enabled="1"><![CDATA[{"link":"{{ link('search', null, {'type': 'resource'}) }}","display_condition":"$xf.visitor.canSearch()","extra_attributes":[]}]]></navigation_entry>
  <navigation_entry navigation_id="xfrmWatched" parent_navigation_id="xfrm" display_order="300" navigation_type_id="basic" enabled="1"><![CDATA[{"link":"{{ link('watched\/resources') }}","display_condition":"$xf.visitor.user_id","extra_attributes":[]}]]></navigation_entry>
  <navigation_entry navigation_id="xfrmWatchedCategories" parent_navigation_id="xfrmWatched" display_order="200" navigation_type_id="basic" enabled="1"><![CDATA[{"link":"{{ link('watched\/resource-categories') }}","display_condition":"$xf.visitor.user_id","extra_attributes":[]}]]></navigation_entry>
  <navigation_entry navigation_id="xfrmWatchedResources" parent_navigation_id="xfrmWatched" display_order="100" navigation_type_id="basic" enabled="1"><![CDATA[{"link":"{{ link('watched\/resources') }}","display_condition":"$xf.visitor.user_id","extra_attributes":[]}]]></navigation_entry>
  <navigation_entry navigation_id="xfrmYourResources" parent_navigation_id="xfrm" display_order="200" navigation_type_id="basic" enabled="1"><![CDATA[{"link":"{{ link('resources\/authors', $xf.visitor) }}","display_condition":"$xf.visitor.user_id","extra_attributes":[]}]]></navigation_entry>
</navigation>
