<?xml version="1.0" encoding="utf-8"?>
<phrases>
  <phrase title="admin_navigation.xfrm" version_id="2000010" version_string="2.0.0 Alpha"><![CDATA[Resources]]></phrase>
  <phrase title="admin_navigation.xfrmCategories" version_id="2000010" version_string="2.0.0 Alpha"><![CDATA[Resource categories]]></phrase>
  <phrase title="admin_navigation.xfrmCategoryPermissions" version_id="2000010" version_string="2.0.0 Alpha"><![CDATA[Resource category permissions]]></phrase>
  <phrase title="admin_navigation.xfrmFields" version_id="2000010" version_string="2.0.0 Alpha"><![CDATA[Resource fields]]></phrase>
  <phrase title="admin_navigation.xfrmPrefixes" version_id="2000010" version_string="2.0.0 Alpha"><![CDATA[Resource prefixes]]></phrase>
  <phrase title="admin_permission.resourceManager" version_id="2000010" version_string="2.0.0 Alpha"><![CDATA[Manage resources]]></phrase>
  <phrase title="alert_opt_out.resource_rating_reply" version_id="2000010" version_string="2.0.0 Alpha"><![CDATA[Replies to your resource review]]></phrase>
  <phrase title="alert_opt_out.resource_rating_review" version_id="2000010" version_string="2.0.0 Alpha"><![CDATA[Reviews your resource]]></phrase>
  <phrase title="alert_opt_out.resource_update_insert" version_id="2000010" version_string="2.0.0 Alpha"><![CDATA[Updates a watched resource]]></phrase>
  <phrase title="alert_opt_out.resource_update_like" version_id="2000010" version_string="2.0.0 Alpha"><![CDATA[Likes your resource]]></phrase>
  <phrase title="alert_opt_out.resource_update_mention" version_id="2000010" version_string="2.0.0 Alpha"><![CDATA[Mentions you in a resource]]></phrase>
  <phrase title="manage_watched_resources" version_id="2000036" version_string="2.0.0 Beta 6"><![CDATA[Manage watched resources]]></phrase>
  <phrase title="member_stat.xfrm_most_resources" version_id="2000010" version_string="2.0.0 Alpha"><![CDATA[Most resources]]></phrase>
  <phrase title="mod_log.resource_approve" version_id="2000010" version_string="2.0.0 Alpha"><![CDATA[Resource approved]]></phrase>
  <phrase title="mod_log.resource_custom_fields_edit" version_id="2000010" version_string="2.0.0 Alpha"><![CDATA[Resource custom fields edited]]></phrase>
  <phrase title="mod_log.resource_delete_hard" version_id="2000010" version_string="2.0.0 Alpha"><![CDATA[Resource permanently deleted]]></phrase>
  <phrase title="mod_log.resource_delete_soft" version_id="2000010" version_string="2.0.0 Alpha"><![CDATA[Resource removed from public view (reason: {reason})]]></phrase>
  <phrase title="mod_log.resource_edit" version_id="2000010" version_string="2.0.0 Alpha"><![CDATA[Resource edited]]></phrase>
  <phrase title="mod_log.resource_feature" version_id="2000010" version_string="2.0.0 Alpha"><![CDATA[Resource featured]]></phrase>
  <phrase title="mod_log.resource_move" version_id="2000010" version_string="2.0.0 Alpha"><![CDATA[Resource moved]]></phrase>
  <phrase title="mod_log.resource_prefix" version_id="2000010" version_string="2.0.0 Alpha"><![CDATA[Resource prefix edited from '{old}']]></phrase>
  <phrase title="mod_log.resource_rating_delete_hard" version_id="2000010" version_string="2.0.0 Alpha"><![CDATA[Resource review permanently deleted]]></phrase>
  <phrase title="mod_log.resource_rating_delete_response" version_id="2000010" version_string="2.0.0 Alpha"><![CDATA[Resource review response deleted]]></phrase>
  <phrase title="mod_log.resource_rating_delete_soft" version_id="2000010" version_string="2.0.0 Alpha"><![CDATA[Resource review removed from public view]]></phrase>
  <phrase title="mod_log.resource_rating_undelete" version_id="2000010" version_string="2.0.0 Alpha"><![CDATA[Resource review undeleted]]></phrase>
  <phrase title="mod_log.resource_rating_warning_given" version_id="2000010" version_string="2.0.0 Alpha"><![CDATA[Resource rating warning given]]></phrase>
  <phrase title="mod_log.resource_rating_warning_removed" version_id="2000010" version_string="2.0.0 Alpha"><![CDATA[Resource rating warning removed]]></phrase>
  <phrase title="mod_log.resource_reassign" version_id="2000010" version_string="2.0.0 Alpha"><![CDATA[Resource reassigned (from {from})]]></phrase>
  <phrase title="mod_log.resource_unapprove" version_id="2000010" version_string="2.0.0 Alpha"><![CDATA[Resource unapproved]]></phrase>
  <phrase title="mod_log.resource_undelete" version_id="2000010" version_string="2.0.0 Alpha"><![CDATA[Resource undeleted]]></phrase>
  <phrase title="mod_log.resource_unfeature" version_id="2000010" version_string="2.0.0 Alpha"><![CDATA[Resource unfeatured]]></phrase>
  <phrase title="mod_log.resource_update_approve" version_id="2000010" version_string="2.0.0 Alpha"><![CDATA[Resource update approved]]></phrase>
  <phrase title="mod_log.resource_update_delete_hard" version_id="2000010" version_string="2.0.0 Alpha"><![CDATA[Resource update permanently deleted]]></phrase>
  <phrase title="mod_log.resource_update_delete_soft" version_id="2000010" version_string="2.0.0 Alpha"><![CDATA[Resource update removed from public view (reason: {reason})]]></phrase>
  <phrase title="mod_log.resource_update_edit" version_id="2000010" version_string="2.0.0 Alpha"><![CDATA[Resource update edited]]></phrase>
  <phrase title="mod_log.resource_update_unapprove" version_id="2000010" version_string="2.0.0 Alpha"><![CDATA[Resource update unapproved]]></phrase>
  <phrase title="mod_log.resource_update_undelete" version_id="2000010" version_string="2.0.0 Alpha"><![CDATA[Resource update undeleted]]></phrase>
  <phrase title="mod_log.resource_version_approve" version_id="2000010" version_string="2.0.0 Alpha"><![CDATA[Resource version approved]]></phrase>
  <phrase title="mod_log.resource_version_delete_hard" version_id="2000010" version_string="2.0.0 Alpha"><![CDATA[Resource version permanently deleted]]></phrase>
  <phrase title="mod_log.resource_version_delete_soft" version_id="2000010" version_string="2.0.0 Alpha"><![CDATA[Resource version removed from public view (reason: {reason})]]></phrase>
  <phrase title="mod_log.resource_version_edit" version_id="2000010" version_string="2.0.0 Alpha"><![CDATA[Resource version edited]]></phrase>
  <phrase title="nav.xfrm" version_id="2000010" version_string="2.0.0 Alpha"><![CDATA[Resources]]></phrase>
  <phrase title="nav.xfrmLatestReviews" version_id="2000010" version_string="2.0.0 Alpha"><![CDATA[Latest reviews]]></phrase>
  <phrase title="nav.xfrmNewResources" version_id="2000010" version_string="2.0.0 Alpha"><![CDATA[New resources]]></phrase>
  <phrase title="nav.xfrmSearchResources" version_id="2000010" version_string="2.0.0 Alpha"><![CDATA[Search resources]]></phrase>
  <phrase title="nav.xfrmWatched" version_id="2000010" version_string="2.0.0 Alpha"><![CDATA[Watched]]></phrase>
  <phrase title="nav.xfrmWatchedCategories" version_id="2000010" version_string="2.0.0 Alpha"><![CDATA[Watched categories]]></phrase>
  <phrase title="nav.xfrmWatchedResources" version_id="2000010" version_string="2.0.0 Alpha"><![CDATA[Watched resources]]></phrase>
  <phrase title="nav.xfrmYourResources" version_id="2000010" version_string="2.0.0 Alpha"><![CDATA[Your resources]]></phrase>
  <phrase title="option.xfrmAllowAnonReview" version_id="2000010" version_string="2.0.0 Alpha"><![CDATA[Allow anonymous resource reviews]]></phrase>
  <phrase title="option.xfrmAllowIcons" version_id="2000010" version_string="2.0.0 Alpha"><![CDATA[Allow resource icons]]></phrase>
  <phrase title="option.xfrmAllowSupportUrl" version_id="2000010" version_string="2.0.0 Alpha"><![CDATA[Allow specification of support URL]]></phrase>
  <phrase title="option.xfrmAuthorOtherResourcesCount" version_id="2000010" version_string="2.0.0 Alpha"><![CDATA[Author's other resources count]]></phrase>
  <phrase title="option.xfrmFilelessViewFull" version_id="2000010" version_string="2.0.0 Alpha"><![CDATA[Limit viewing of fileless resources without download permissions]]></phrase>
  <phrase title="option.xfrmListDefaultOrder" version_id="2000010" version_string="2.0.0 Alpha"><![CDATA[Default resource list order]]></phrase>
  <phrase title="option.xfrmMinimumReviewLength" version_id="2000010" version_string="2.0.0 Alpha"><![CDATA[Minimum resource review length]]></phrase>
  <phrase title="option.xfrmPaidResourceThreadTitleTemplate" version_id="2000010" version_string="2.0.0 Alpha"><![CDATA[Paid resource thread title template]]></phrase>
  <phrase title="option.xfrmRecentReviewsCount" version_id="2000010" version_string="2.0.0 Alpha"><![CDATA[Recent resource reviews count]]></phrase>
  <phrase title="option.xfrmRecentUpdatesCount" version_id="2000010" version_string="2.0.0 Alpha"><![CDATA[Recent resource updates count]]></phrase>
  <phrase title="option.xfrmRequireDownloadToRate" version_id="2000010" version_string="2.0.0 Alpha"><![CDATA[Require download to rate resources]]></phrase>
  <phrase title="option.xfrmResourceCurrencies" version_id="2000010" version_string="2.0.0 Alpha"><![CDATA[Available resource currencies]]></phrase>
  <phrase title="option.xfrmResourceDeleteThreadAction" version_id="2000010" version_string="2.0.0 Alpha"><![CDATA[Resource deletion thread action]]></phrase>
  <phrase title="option.xfrmResourceExtensions" version_id="2000010" version_string="2.0.0 Alpha"><![CDATA[Allowed resource file extensions]]></phrase>
  <phrase title="option.xfrmResourceMaxFileSize" version_id="2000010" version_string="2.0.0 Alpha"><![CDATA[Maximum resource file size (KB)]]></phrase>
  <phrase title="option.xfrmResourceMaxFiles" version_id="2000010" version_string="2.0.0 Alpha"><![CDATA[Maximum number of resource files]]></phrase>
  <phrase title="option.xfrmResourcesPerPage" version_id="2000010" version_string="2.0.0 Alpha"><![CDATA[Resources per page]]></phrase>
  <phrase title="option.xfrmReviewRequired" version_id="2000010" version_string="2.0.0 Alpha"><![CDATA[Require a review when rating resources]]></phrase>
  <phrase title="option.xfrmReviewsPerPage" version_id="2000010" version_string="2.0.0 Alpha"><![CDATA[Reviews per page]]></phrase>
  <phrase title="option.xfrmUpdateMaxLength" version_id="2000010" version_string="2.0.0 Alpha"><![CDATA[Maximum resource update/description length]]></phrase>
  <phrase title="option.xfrmUpdatesPerPage" version_id="2000010" version_string="2.0.0 Alpha"><![CDATA[Resource updates per page]]></phrase>
  <phrase title="option_explain.xfrmAllowAnonReview" version_id="2000010" version_string="2.0.0 Alpha"><![CDATA[If enabled, users can choose to make their reviews anonymous. Staff will still be able to see who made the review, but end users will not.]]></phrase>
  <phrase title="option_explain.xfrmAllowIcons" version_id="2000053" version_string="2.0.0 Release Candidate 3"><![CDATA[If enabled, resource authors will have the option of specifying a small (96x96) icon. This icon will be displayed in resource lists and when viewing a resource.]]></phrase>
  <phrase title="option_explain.xfrmAllowSupportUrl" version_id="2000010" version_string="2.0.0 Alpha"><![CDATA[If enabled, users can specify a support URL for their resource. Note that even if this is specified, a discussion thread will be created if the category is configured to do so.]]></phrase>
  <phrase title="option_explain.xfrmAuthorOtherResourcesCount" version_id="2000010" version_string="2.0.0 Alpha"><![CDATA[The maximum number of other resources to display from a resource's author. Use 0 to disable this block.]]></phrase>
  <phrase title="option_explain.xfrmFilelessViewFull" version_id="2000010" version_string="2.0.0 Alpha"><![CDATA[If selected, users that cannot download resources will only see this number of characters from the descriptions of resources without a file.]]></phrase>
  <phrase title="option_explain.xfrmListDefaultOrder" version_id="2000010" version_string="2.0.0 Alpha"><![CDATA[When viewing the resource index or category overview pages, this will be the default order for resources.]]></phrase>
  <phrase title="option_explain.xfrmMinimumReviewLength" version_id="2000010" version_string="2.0.0 Alpha"><![CDATA[If a review is entered, it will not be accepted unless it is at least this long. If a review is not required, this setting will be ignored if no review is entered.]]></phrase>
  <phrase title="option_explain.xfrmPaidResourceThreadTitleTemplate" version_id="2000010" version_string="2.0.0 Alpha"><![CDATA[Normally, when threads are automatically created for resources, the thread title is just the resource's name. This option lets you specify a format for paid Resources. Use {title} where the resource title should appear.]]></phrase>
  <phrase title="option_explain.xfrmRecentReviewsCount" version_id="2000010" version_string="2.0.0 Alpha"><![CDATA[The maximum number of recent reviews to display on the main resource view page. Use 0 to disable this block.]]></phrase>
  <phrase title="option_explain.xfrmRecentUpdatesCount" version_id="2000010" version_string="2.0.0 Alpha"><![CDATA[The maximum number of recent updates to display on the main resource view page. Use 0 to disable this block.]]></phrase>
  <phrase title="option_explain.xfrmRequireDownloadToRate" version_id="2000010" version_string="2.0.0 Alpha"><![CDATA[If selected, users may only rate a resource once they have downloaded it.]]></phrase>
  <phrase title="option_explain.xfrmResourceCurrencies" version_id="2000010" version_string="2.0.0 Alpha"><![CDATA[Controls the currencies that users can select to apply to their resources. Add one currency per line. Each currency can only be 3 characters (USD, GBP, etc). A symbol will be used to display the currency if possible.]]></phrase>
  <phrase title="option_explain.xfrmResourceDeleteThreadAction" version_id="2000010" version_string="2.0.0 Alpha"><![CDATA[When a resource is deleted, take this action with any automatically created thread.]]></phrase>
  <phrase title="option_explain.xfrmResourceExtensions" version_id="2000010" version_string="2.0.0 Alpha"><![CDATA[List the file extensions that are allowed to be uploaded. Use spaces or line break between extensions.]]></phrase>
  <phrase title="option_explain.xfrmResourceMaxFileSize" version_id="2000010" version_string="2.0.0 Alpha"><![CDATA[Provide the maximum resource file size in kilobytes (KB). Resources over this size will be rejected.]]></phrase>
  <phrase title="option_explain.xfrmResourceMaxFiles" version_id="2000010" version_string="2.0.0 Alpha"><![CDATA[This is the maximum number of files that can be attached per resource version.]]></phrase>
  <phrase title="option_explain.xfrmResourcesPerPage" version_id="2000010" version_string="2.0.0 Alpha"><![CDATA[The number of resources that will be listed per page, including on the resource and category overview pages.]]></phrase>
  <phrase title="option_explain.xfrmReviewRequired" version_id="2000010" version_string="2.0.0 Alpha"><![CDATA[If enabled, users must submit a review when rating a resource.]]></phrase>
  <phrase title="option_explain.xfrmReviewsPerPage" version_id="2000010" version_string="2.0.0 Alpha"><![CDATA[]]></phrase>
  <phrase title="option_explain.xfrmUpdateMaxLength" version_id="2000010" version_string="2.0.0 Alpha"><![CDATA[The maximum number of characters that can be in a resource update or description. This includes BB code. Use 0 to disable the limit.]]></phrase>
  <phrase title="option_explain.xfrmUpdatesPerPage" version_id="2000010" version_string="2.0.0 Alpha"><![CDATA[]]></phrase>
  <phrase title="option_group.xfrm" version_id="2000270" version_string="2.0.2"><![CDATA[XenForo Resource Manager]]></phrase>
  <phrase title="option_group_description.xfrm" version_id="2000010" version_string="2.0.0 Alpha"><![CDATA[Options that control the resource manager add-on.]]></phrase>
  <phrase title="permission.resource_add" version_id="2000010" version_string="2.0.0 Alpha"><![CDATA[Create resources]]></phrase>
  <phrase title="permission.resource_approveUnapprove" version_id="2000010" version_string="2.0.0 Alpha"><![CDATA[Approve / unapprove resources]]></phrase>
  <phrase title="permission.resource_deleteAny" version_id="2000010" version_string="2.0.0 Alpha"><![CDATA[Delete any resources]]></phrase>
  <phrase title="permission.resource_deleteAnyReview" version_id="2000010" version_string="2.0.0 Alpha"><![CDATA[Delete any resource reviews]]></phrase>
  <phrase title="permission.resource_deleteOwn" version_id="2000010" version_string="2.0.0 Alpha"><![CDATA[Delete own resources]]></phrase>
  <phrase title="permission.resource_download" version_id="2000010" version_string="2.0.0 Alpha"><![CDATA[Download resources]]></phrase>
  <phrase title="permission.resource_editAny" version_id="2000010" version_string="2.0.0 Alpha"><![CDATA[Edit any resources]]></phrase>
  <phrase title="permission.resource_featureUnfeature" version_id="2000010" version_string="2.0.0 Alpha"><![CDATA[Feature / unfeature resources]]></phrase>
  <phrase title="permission.resource_hardDeleteAny" version_id="2000010" version_string="2.0.0 Alpha"><![CDATA[Hard-delete any resources]]></phrase>
  <phrase title="permission.resource_inlineMod" version_id="2000010" version_string="2.0.0 Alpha"><![CDATA[Use inline moderation on resources]]></phrase>
  <phrase title="permission.resource_like" version_id="2000010" version_string="2.0.0 Alpha"><![CDATA[Like resources/updates]]></phrase>
  <phrase title="permission.resource_manageAnyTag" version_id="2000010" version_string="2.0.0 Alpha"><![CDATA[Manage any tags]]></phrase>
  <phrase title="permission.resource_manageOthersTagsOwnRes" version_id="2000010" version_string="2.0.0 Alpha"><![CDATA[Manage tags by others in own resource]]></phrase>
  <phrase title="permission.resource_rate" version_id="2000010" version_string="2.0.0 Alpha"><![CDATA[Rate resources]]></phrase>
  <phrase title="permission.resource_reassign" version_id="2000010" version_string="2.0.0 Alpha"><![CDATA[Reassign resources]]></phrase>
  <phrase title="permission.resource_reviewReply" version_id="2000010" version_string="2.0.0 Alpha"><![CDATA[Can reply to reviews for own resources]]></phrase>
  <phrase title="permission.resource_tagAnyResource" version_id="2000010" version_string="2.0.0 Alpha"><![CDATA[Tag any resource]]></phrase>
  <phrase title="permission.resource_tagOwnResource" version_id="2000010" version_string="2.0.0 Alpha"><![CDATA[Tag own resource]]></phrase>
  <phrase title="permission.resource_undelete" version_id="2000010" version_string="2.0.0 Alpha"><![CDATA[Undelete resources]]></phrase>
  <phrase title="permission.resource_updateOwn" version_id="2000010" version_string="2.0.0 Alpha"><![CDATA[Update/edit own resources]]></phrase>
  <phrase title="permission.resource_uploadUpdateAttach" version_id="2000010" version_string="2.0.0 Alpha"><![CDATA[Upload images with updates/resources]]></phrase>
  <phrase title="permission.resource_view" version_id="2000010" version_string="2.0.0 Alpha"><![CDATA[View resources]]></phrase>
  <phrase title="permission.resource_viewDeleted" version_id="2000010" version_string="2.0.0 Alpha"><![CDATA[View deleted resources]]></phrase>
  <phrase title="permission.resource_viewModerated" version_id="2000035" version_string="2.0.0 Beta 5"><![CDATA[View unapproved resources]]></phrase>
  <phrase title="permission.resource_viewUpdateAttach" version_id="2000010" version_string="2.0.0 Alpha"><![CDATA[View resource images]]></phrase>
  <phrase title="permission.resource_warn" version_id="2000010" version_string="2.0.0 Alpha"><![CDATA[Give warnings on resources]]></phrase>
  <phrase title="permission_interface.resourceModeratorPermissions" version_id="2000010" version_string="2.0.0 Alpha"><![CDATA[Resource moderator permissions]]></phrase>
  <phrase title="permission_interface.resourcePermissions" version_id="2000010" version_string="2.0.0 Alpha"><![CDATA[Resource permissions]]></phrase>
  <phrase title="stop_watching_resources" version_id="2000036" version_string="2.0.0 Beta 6"><![CDATA[Stop watching resources]]></phrase>
  <phrase title="widget_def.xfrm_latest_reviews" version_id="2000010" version_string="2.0.0 Alpha"><![CDATA[XFRM: Latest reviews]]></phrase>
  <phrase title="widget_def.xfrm_new_resources" version_id="2000010" version_string="2.0.0 Alpha"><![CDATA[XFRM: New resources]]></phrase>
  <phrase title="widget_def.xfrm_top_resources" version_id="2000010" version_string="2.0.0 Alpha"><![CDATA[XFRM: Top Resources]]></phrase>
  <phrase title="widget_def_desc.xfrm_latest_reviews" version_id="2000010" version_string="2.0.0 Alpha"><![CDATA[Displays the latest resource reviews.]]></phrase>
  <phrase title="widget_def_desc.xfrm_new_resources" version_id="2000010" version_string="2.0.0 Alpha"><![CDATA[Displays the most recently updated resources.]]></phrase>
  <phrase title="widget_def_desc.xfrm_top_resources" version_id="2000010" version_string="2.0.0 Alpha"><![CDATA[Displays the top rated resources.]]></phrase>
  <phrase title="widget_pos.xfrm_category_sidenav" version_id="2000010" version_string="2.0.0 Alpha"><![CDATA[Resource category: Sidenav]]></phrase>
  <phrase title="widget_pos.xfrm_overview_sidenav" version_id="2000010" version_string="2.0.0 Alpha"><![CDATA[Resource overview: Sidenav]]></phrase>
  <phrase title="widget_pos_desc.xfrm_category_sidenav" version_id="2000038" version_string="2.0.0 Beta 8"><![CDATA[Displays inside the side navigation on the resource category pages. Widget templates rendered in this position can use the current category entity in the <code>{$context.category}</code> param.]]></phrase>
  <phrase title="widget_pos_desc.xfrm_overview_sidenav" version_id="2000010" version_string="2.0.0 Alpha"><![CDATA[Displays inside the side navigation on the resource overview page.]]></phrase>
  <phrase title="xfrm_above_resource_description" version_id="2000010" version_string="2.0.0 Alpha"><![CDATA[Above resource description]]></phrase>
  <phrase title="xfrm_add_resource" version_id="2000010" version_string="2.0.0 Alpha"><![CDATA[Add resource]]></phrase>
  <phrase title="xfrm_additional_information_url" version_id="2000010" version_string="2.0.0 Alpha"><![CDATA[Additional information URL]]></phrase>
  <phrase title="xfrm_all_categories_or_contextual_category" version_id="2000010" version_string="2.0.0 Alpha"><![CDATA[All categories or contextual category]]></phrase>
  <phrase title="xfrm_all_categories_or_contextual_explain" version_id="2000010" version_string="2.0.0 Alpha"><![CDATA[If no categories are explicitly selected, this widget will pull from all categories unless used within a resource category. In this case, the resources will be limited to that category and descendents.]]></phrase>
  <phrase title="xfrm_all_selected_resources_already_in_destination_category_select_another" version_id="2000010" version_string="2.0.0 Alpha"><![CDATA[All selected resources are already in the destination category. Please select another category.]]></phrase>
  <phrase title="xfrm_allowed_resource_types" version_id="2000010" version_string="2.0.0 Alpha"><![CDATA[Allowed resource types]]></phrase>
  <phrase title="xfrm_alternative_support_url" version_id="2000010" version_string="2.0.0 Alpha"><![CDATA[Alternative support URL]]></phrase>
  <phrase title="xfrm_always_moderate_resource_updates_posted_in_this_category" version_id="2000010" version_string="2.0.0 Alpha"><![CDATA[Always moderate resource updates posted in this category]]></phrase>
  <phrase title="xfrm_always_moderate_resources_posted_in_this_category" version_id="2000010" version_string="2.0.0 Alpha"><![CDATA[Always moderate resources posted in this category]]></phrase>
  <phrase title="xfrm_applicable_categories" version_id="2000010" version_string="2.0.0 Alpha"><![CDATA[Applicable categories]]></phrase>
  <phrase title="xfrm_apply_category_options" version_id="2000010" version_string="2.0.0 Alpha"><![CDATA[Apply category options]]></phrase>
  <phrase title="xfrm_apply_prefix_to_selected_resources" version_id="2000010" version_string="2.0.0 Alpha"><![CDATA[Apply prefix to selected resources]]></phrase>
  <phrase title="xfrm_apply_resource_prefix_to_multiple_categories" version_id="2000010" version_string="2.0.0 Alpha"><![CDATA[The resources you have selected are located in more than one category. Each resource will only be updated if the chosen prefix is valid in its category.]]></phrase>
  <phrase title="xfrm_approve_resource" version_id="2000010" version_string="2.0.0 Alpha"><![CDATA[Approve resource]]></phrase>
  <phrase title="xfrm_approve_resources" version_id="2000010" version_string="2.0.0 Alpha"><![CDATA[Approve resources]]></phrase>
  <phrase title="xfrm_automatically_create_thread_in_forum" version_id="2000010" version_string="2.0.0 Alpha"><![CDATA[Automatically create thread in forum]]></phrase>
  <phrase title="xfrm_automatically_created_thread_prefix" version_id="2000010" version_string="2.0.0 Alpha"><![CDATA[Automatically created thread prefix]]></phrase>
  <phrase title="xfrm_automatically_post_in_resource_thread_on_resource_deletion" version_id="2000010" version_string="2.0.0 Alpha"><![CDATA[Automatically post in the resource thread on resource deletion]]></phrase>
  <phrase title="xfrm_below_resource_description" version_id="2000010" version_string="2.0.0 Alpha"><![CDATA[Below resource description]]></phrase>
  <phrase title="xfrm_buy_for_x" version_id="2000010" version_string="2.0.0 Alpha"><![CDATA[Buy for {price}]]></phrase>
  <phrase title="xfrm_cannot_update_rating_once_author_response" version_id="2000010" version_string="2.0.0 Alpha"><![CDATA[You can not update your rating or review once the author has responded.]]></phrase>
  <phrase title="xfrm_category_limit" version_id="2000010" version_string="2.0.0 Alpha"><![CDATA[Category limit]]></phrase>
  <phrase title="xfrm_category_not_allow_new_resources" version_id="2000010" version_string="2.0.0 Alpha"><![CDATA[This category does not allow new resources.]]></phrase>
  <phrase title="xfrm_category_watched" version_id="2000010" version_string="2.0.0 Alpha"><![CDATA[Category watched]]></phrase>
  <phrase title="xfrm_change_resource_type" version_id="2000010" version_string="2.0.0 Alpha"><![CDATA[Change resource type]]></phrase>
  <phrase title="xfrm_choose_file" version_id="2000010" version_string="2.0.0 Alpha"><![CDATA[Choose file]]></phrase>
  <phrase title="xfrm_creation_date" version_id="2000010" version_string="2.0.0 Alpha"><![CDATA[Creation date]]></phrase>
  <phrase title="xfrm_creator" version_id="2000010" version_string="2.0.0 Alpha"><![CDATA[Creator]]></phrase>
  <phrase title="xfrm_delete_current_icon" version_id="2000010" version_string="2.0.0 Alpha"><![CDATA[Delete the current icon]]></phrase>
  <phrase title="xfrm_delete_resource" version_id="2000010" version_string="2.0.0 Alpha"><![CDATA[Delete resource]]></phrase>
  <phrase title="xfrm_delete_resources" version_id="2000010" version_string="2.0.0 Alpha"><![CDATA[Delete resources]]></phrase>
  <phrase title="xfrm_delete_review" version_id="2000010" version_string="2.0.0 Alpha"><![CDATA[Delete review]]></phrase>
  <phrase title="xfrm_delete_review_response" version_id="2000010" version_string="2.0.0 Alpha"><![CDATA[Delete review response]]></phrase>
  <phrase title="xfrm_delete_update" version_id="2000010" version_string="2.0.0 Alpha"><![CDATA[Delete update]]></phrase>
  <phrase title="xfrm_delete_version" version_id="2000010" version_string="2.0.0 Alpha"><![CDATA[Delete version]]></phrase>
  <phrase title="xfrm_description_will_contain_contents_of_this_resource" version_id="2000010" version_string="2.0.0 Alpha"><![CDATA[The description will contain the contents of this resource.]]></phrase>
  <phrase title="xfrm_destination_category" version_id="2000010" version_string="2.0.0 Alpha"><![CDATA[Destination category]]></phrase>
  <phrase title="xfrm_discussion" version_id="2000010" version_string="2.0.0 Alpha"><![CDATA[Discussion]]></phrase>
  <phrase title="xfrm_do_not_have_permission_to_view_full_content_of_this_resource" version_id="2000010" version_string="2.0.0 Alpha"><![CDATA[You do not have permission to view the full content of this resource.]]></phrase>
  <phrase title="xfrm_does_not_have_file" version_id="2000010" version_string="2.0.0 Alpha"><![CDATA[Does not have a file]]></phrase>
  <phrase title="xfrm_download_is_not_available_try_another" version_id="2000010" version_string="2.0.0 Alpha"><![CDATA[This download is not available. Please try another.]]></phrase>
  <phrase title="xfrm_downloads" version_id="2000010" version_string="2.0.0 Alpha"><![CDATA[Downloads]]></phrase>
  <phrase title="xfrm_edit_resource" version_id="2000010" version_string="2.0.0 Alpha"><![CDATA[Edit resource]]></phrase>
  <phrase title="xfrm_edit_resource_icon" version_id="2000010" version_string="2.0.0 Alpha"><![CDATA[Edit resource icon]]></phrase>
  <phrase title="xfrm_edit_update" version_id="2000010" version_string="2.0.0 Alpha"><![CDATA[Edit update]]></phrase>
  <phrase title="xfrm_enable_versioning" version_id="2000010" version_string="2.0.0 Alpha"><![CDATA[Enable versioning]]></phrase>
  <phrase title="xfrm_explain_why_youre_giving_this_rating" version_id="2000010" version_string="2.0.0 Alpha"><![CDATA[Explain why you're giving this rating. Reviews which are not constructive may be removed without notice.]]></phrase>
  <phrase title="xfrm_external_download" version_id="2000010" version_string="2.0.0 Alpha"><![CDATA[External download]]></phrase>
  <phrase title="xfrm_external_download_url" version_id="2000010" version_string="2.0.0 Alpha"><![CDATA[External download URL]]></phrase>
  <phrase title="xfrm_external_purchase" version_id="2000010" version_string="2.0.0 Alpha"><![CDATA[External purchase]]></phrase>
  <phrase title="xfrm_external_purchase_url" version_id="2000010" version_string="2.0.0 Alpha"><![CDATA[External purchase URL]]></phrase>
  <phrase title="xfrm_extra_info" version_id="2000010" version_string="2.0.0 Alpha"><![CDATA[Extra info]]></phrase>
  <phrase title="xfrm_extra_information_tab" version_id="2000010" version_string="2.0.0 Alpha"><![CDATA[Extra information tab]]></phrase>
  <phrase title="xfrm_feature_resources" version_id="2000010" version_string="2.0.0 Alpha"><![CDATA[Feature resources]]></phrase>
  <phrase title="xfrm_featured" version_id="2000010" version_string="2.0.0 Alpha"><![CDATA[Featured]]></phrase>
  <phrase title="xfrm_featured_resources" version_id="2000010" version_string="2.0.0 Alpha"><![CDATA[Featured resources]]></phrase>
  <phrase title="xfrm_fileless" version_id="2000010" version_string="2.0.0 Alpha"><![CDATA[Fileless]]></phrase>
  <phrase title="xfrm_first_release" version_id="2000010" version_string="2.0.0 Alpha"><![CDATA[First release]]></phrase>
  <phrase title="xfrm_for_resource_x_in_category_y" version_id="2000010" version_string="2.0.0 Alpha"><![CDATA[For {resource} in {category}]]></phrase>
  <phrase title="xfrm_free" version_id="2000010" version_string="2.0.0 Alpha"><![CDATA[Free]]></phrase>
  <phrase title="xfrm_full_size_view_displaying_as_standard_resource_list" version_id="2000010" version_string="2.0.0 Alpha"><![CDATA[A full size view, displaying as a standard resource list.]]></phrase>
  <phrase title="xfrm_get_support" version_id="2000010" version_string="2.0.0 Alpha"><![CDATA[Get support]]></phrase>
  <phrase title="xfrm_if_enabled_users_prompted_enter_version_history_displayed" version_id="2000010" version_string="2.0.0 Alpha"><![CDATA[If enabled, users will be prompted to enter a version number and a history of previous versions will be displayed.]]></phrase>
  <phrase title="xfrm_if_need_new_version_post_update" version_id="2000010" version_string="2.0.0 Alpha"><![CDATA[If you need to release a new version of this resource, you should <a href="{link}">post an update</a>.]]></phrase>
  <phrase title="xfrm_if_no_resource_types_selected_category_maintain_hierarchy" version_id="2000010" version_string="2.0.0 Alpha"><![CDATA[If no resource types are selected, this category will be used to maintain the category hierarchy only.]]></phrase>
  <phrase title="xfrm_if_selected_only_staff_will_be_able_to_see_who_wrote_this_review" version_id="2000010" version_string="2.0.0 Alpha"><![CDATA[If selected, only staff will be able to see who wrote this review.]]></phrase>
  <phrase title="xfrm_if_selected_post_made_automatically_explaining_resource_unavailable" version_id="2000010" version_string="2.0.0 Alpha"><![CDATA[If selected, a post will be made automatically on the creator's behalf explaining that the resource is no longer available.]]></phrase>
  <phrase title="xfrm_if_selected_resource_in_category_created_thread_posted_forum" version_id="2000010" version_string="2.0.0 Alpha"><![CDATA[If selected, whenever a resource in this category is created, a thread will be posted in this forum.]]></phrase>
  <phrase title="xfrm_if_selected_users_required_select_prefix_when_creating_editing" version_id="2000052" version_string="2.0.0 Release Candidate 2"><![CDATA[If selected, users will be required to select a prefix when creating or editing a resource. This will not be enforced for moderators.]]></phrase>
  <phrase title="xfrm_if_you_have_specific_location_where_you_will_be_providing_support_or" version_id="2000010" version_string="2.0.0 Alpha"><![CDATA[If you have a specific location where you will be providing support or answering questions, please enter the URL here.]]></phrase>
  <phrase title="xfrm_if_you_have_your_own_web_site_with_more_info_enter_url" version_id="2000010" version_string="2.0.0 Alpha"><![CDATA[If you have your own web site with more information, enter its URL here.]]></phrase>
  <phrase title="xfrm_include_resource_updates" version_id="2000010" version_string="2.0.0 Alpha"><![CDATA[Include resource updates]]></phrase>
  <phrase title="xfrm_join_discussion" version_id="2000010" version_string="2.0.0 Alpha"><![CDATA[Join the discussion]]></phrase>
  <phrase title="xfrm_last_update" version_id="2000010" version_string="2.0.0 Alpha"><![CDATA[Last update]]></phrase>
  <phrase title="xfrm_latest_resources" version_id="2000010" version_string="2.0.0 Alpha"><![CDATA[Latest resources]]></phrase>
  <phrase title="xfrm_latest_reviews" version_id="2000010" version_string="2.0.0 Alpha"><![CDATA[Latest reviews]]></phrase>
  <phrase title="xfrm_latest_updates" version_id="2000010" version_string="2.0.0 Alpha"><![CDATA[Latest updates]]></phrase>
  <phrase title="xfrm_more_information" version_id="2000010" version_string="2.0.0 Alpha"><![CDATA[More information]]></phrase>
  <phrase title="xfrm_more_resources_from_x" version_id="2000010" version_string="2.0.0 Alpha"><![CDATA[More resources from {name}]]></phrase>
  <phrase title="xfrm_move_resource" version_id="2000010" version_string="2.0.0 Alpha"><![CDATA[Move resource]]></phrase>
  <phrase title="xfrm_move_resources" version_id="2000010" version_string="2.0.0 Alpha"><![CDATA[Move resources]]></phrase>
  <phrase title="xfrm_new_content" version_id="2000010" version_string="2.0.0 Alpha"><![CDATA[New content]]></phrase>
  <phrase title="xfrm_new_icon_could_not_be_applied_try_later" version_id="2000010" version_string="2.0.0 Alpha"><![CDATA[The new icon could not be applied. Please try again later.]]></phrase>
  <phrase title="xfrm_new_owner" version_id="2000010" version_string="2.0.0 Alpha"><![CDATA[New owner]]></phrase>
  <phrase title="xfrm_new_owner_must_be_able_to_view_this_resource" version_id="2000010" version_string="2.0.0 Alpha"><![CDATA[The new owner must be able to view this resource.]]></phrase>
  <phrase title="xfrm_new_resources" version_id="2000010" version_string="2.0.0 Alpha"><![CDATA[New resources]]></phrase>
  <phrase title="xfrm_new_resources_and_updates" version_id="2000010" version_string="2.0.0 Alpha"><![CDATA[New resources and updates]]></phrase>
  <phrase title="xfrm_new_resources_only" version_id="2000010" version_string="2.0.0 Alpha"><![CDATA[New resources only]]></phrase>
  <phrase title="xfrm_new_version_number" version_id="2000010" version_string="2.0.0 Alpha"><![CDATA[New version number]]></phrase>
  <phrase title="xfrm_no_change" version_id="2000010" version_string="2.0.0 Alpha"><![CDATA[No change]]></phrase>
  <phrase title="xfrm_no_permission_to_buy_price_x" version_id="2000010" version_string="2.0.0 Alpha"><![CDATA[No permission to buy ({price})]]></phrase>
  <phrase title="xfrm_no_permission_to_download" version_id="2000010" version_string="2.0.0 Alpha"><![CDATA[No permission to download]]></phrase>
  <phrase title="xfrm_no_prefixes_available_for_selected_categories" version_id="2000010" version_string="2.0.0 Alpha"><![CDATA[No prefixes are available for the specified categories.]]></phrase>
  <phrase title="xfrm_no_resources_have_been_created_yet" version_id="2000010" version_string="2.0.0 Alpha"><![CDATA[No resources have been created yet.]]></phrase>
  <phrase title="xfrm_no_resources_have_been_featured_yet" version_id="2000010" version_string="2.0.0 Alpha"><![CDATA[No resources have been featured yet.]]></phrase>
  <phrase title="xfrm_no_resources_to_display" version_id="2000010" version_string="2.0.0 Alpha"><![CDATA[There are no resources to display.]]></phrase>
  <phrase title="xfrm_no_reviews_have_been_left_recently" version_id="2000010" version_string="2.0.0 Alpha"><![CDATA[No reviews have been left recently.]]></phrase>
  <phrase title="xfrm_non_purchasable_resources_may_not_define_purchasable_components" version_id="2000010" version_string="2.0.0 Alpha"><![CDATA[Non-purchasable resources may not define purchasable components.]]></phrase>
  <phrase title="xfrm_notify_current_and_new_owners_of_this_action" version_id="2000010" version_string="2.0.0 Alpha"><![CDATA[Notify the current and new owners of this action.]]></phrase>
  <phrase title="xfrm_notify_members_watching_destination_category" version_id="2000010" version_string="2.0.0 Alpha"><![CDATA[Notify members watching the destination category]]></phrase>
  <phrase title="xfrm_own_tab" version_id="2000010" version_string="2.0.0 Alpha"><![CDATA[Own tab]]></phrase>
  <phrase title="xfrm_paid" version_id="2000010" version_string="2.0.0 Alpha"><![CDATA[Paid]]></phrase>
  <phrase title="xfrm_please_choose_valid_type_for_this_resource" version_id="2000010" version_string="2.0.0 Alpha"><![CDATA[Please choose a valid type for this resource.]]></phrase>
  <phrase title="xfrm_please_complete_all_commercial_resource_related_fields" version_id="2000010" version_string="2.0.0 Alpha"><![CDATA[Please complete all commercial resource related fields.]]></phrase>
  <phrase title="xfrm_please_enter_valid_tag_line" version_id="2000010" version_string="2.0.0 Alpha"><![CDATA[Please enter a valid tag line.]]></phrase>
  <phrase title="xfrm_please_enter_valid_version" version_id="2000010" version_string="2.0.0 Alpha"><![CDATA[Please enter a valid version.]]></phrase>
  <phrase title="xfrm_please_provide_review_with_your_rating" version_id="2000010" version_string="2.0.0 Alpha"><![CDATA[Please provide a review with your rating.]]></phrase>
  <phrase title="xfrm_please_select_star_rating" version_id="2000010" version_string="2.0.0 Alpha"><![CDATA[Please select a star rating.]]></phrase>
  <phrase title="xfrm_please_select_valid_resource_type" version_id="2000010" version_string="2.0.0 Alpha"><![CDATA[Please select a valid resource type.]]></phrase>
  <phrase title="xfrm_post_resource_in" version_id="2000010" version_string="2.0.0 Alpha"><![CDATA[Post resource in]]></phrase>
  <phrase title="xfrm_post_update" version_id="2000010" version_string="2.0.0 Alpha"><![CDATA[Post an update]]></phrase>
  <phrase title="xfrm_provide_very_brief_one_line_description_of_your_resource" version_id="2000010" version_string="2.0.0 Alpha"><![CDATA[Provide a very brief, one-line description of your resource.]]></phrase>
  <phrase title="xfrm_rate_this_resource" version_id="2000010" version_string="2.0.0 Alpha"><![CDATA[Rate this resource]]></phrase>
  <phrase title="xfrm_read_more" version_id="2000010" version_string="2.0.0 Alpha"><![CDATA[Read more]]></phrase>
  <phrase title="xfrm_reassign_resource" version_id="2000010" version_string="2.0.0 Alpha"><![CDATA[Reassign resource]]></phrase>
  <phrase title="xfrm_reassign_resources" version_id="2000010" version_string="2.0.0 Alpha"><![CDATA[Reassign resources]]></phrase>
  <phrase title="xfrm_rebuild_resource_categories" version_id="2000010" version_string="2.0.0 Alpha"><![CDATA[Rebuild resource categories]]></phrase>
  <phrase title="xfrm_rebuild_resource_embed_metadata" version_id="2000010" version_string="2.0.0 Alpha"><![CDATA[Rebuild resource embed metadata]]></phrase>
  <phrase title="xfrm_rebuild_resources" version_id="2000010" version_string="2.0.0 Alpha"><![CDATA[Rebuild resources]]></phrase>
  <phrase title="xfrm_rebuild_user_resource_counts" version_id="2000010" version_string="2.0.0 Alpha"><![CDATA[Rebuild user resource counts]]></phrase>
  <phrase title="xfrm_release_date" version_id="2000010" version_string="2.0.0 Alpha"><![CDATA[Release date]]></phrase>
  <phrase title="xfrm_release_new_version" version_id="2000010" version_string="2.0.0 Alpha"><![CDATA[Release a new version]]></phrase>
  <phrase title="xfrm_replace_download" version_id="2000010" version_string="2.0.0 Alpha"><![CDATA[Replace download]]></phrase>
  <phrase title="xfrm_requested_resource_not_found" version_id="2000010" version_string="2.0.0 Alpha"><![CDATA[The requested resource could not be found.]]></phrase>
  <phrase title="xfrm_requested_review_not_found" version_id="2000010" version_string="2.0.0 Alpha"><![CDATA[The requested review could not be found.]]></phrase>
  <phrase title="xfrm_requested_update_not_found" version_id="2000010" version_string="2.0.0 Alpha"><![CDATA[The requested update could not be found.]]></phrase>
  <phrase title="xfrm_requested_version_not_found" version_id="2000010" version_string="2.0.0 Alpha"><![CDATA[The requested version could not be found.]]></phrase>
  <phrase title="xfrm_resource" version_id="2000010" version_string="2.0.0 Alpha"><![CDATA[Resource]]></phrase>
  <phrase title="xfrm_resource_categories" version_id="2000010" version_string="2.0.0 Alpha"><![CDATA[Resource categories]]></phrase>
  <phrase title="xfrm_resource_category" version_id="2000010" version_string="2.0.0 Alpha"><![CDATA[Resource category]]></phrase>
  <phrase title="xfrm_resource_category_permissions" version_id="2000010" version_string="2.0.0 Alpha"><![CDATA[Resource category permissions]]></phrase>
  <phrase title="xfrm_resource_count" version_id="2000010" version_string="2.0.0 Alpha"><![CDATA[Resource count]]></phrase>
  <phrase title="xfrm_resource_counts" version_id="2000010" version_string="2.0.0 Alpha"><![CDATA[Resource counts]]></phrase>
  <phrase title="xfrm_resource_fields" version_id="2000010" version_string="2.0.0 Alpha"><![CDATA[Resource fields]]></phrase>
  <phrase title="xfrm_resource_icon" version_id="2000010" version_string="2.0.0 Alpha"><![CDATA[Resource icon]]></phrase>
  <phrase title="xfrm_resource_likes" version_id="2000010" version_string="2.0.0 Alpha"><![CDATA[Resource likes]]></phrase>
  <phrase title="xfrm_resource_prefixes" version_id="2000010" version_string="2.0.0 Alpha"><![CDATA[Resource prefixes]]></phrase>
  <phrase title="xfrm_resource_quick_feature" version_id="2000010" version_string="2.0.0 Alpha"><![CDATA[Feature resource]]></phrase>
  <phrase title="xfrm_resource_quick_unfeature" version_id="2000010" version_string="2.0.0 Alpha"><![CDATA[Unfeature resource]]></phrase>
  <phrase title="xfrm_resource_rating" version_id="2000010" version_string="2.0.0 Alpha"><![CDATA[Resource rating]]></phrase>
  <phrase title="xfrm_resource_ratings" version_id="2000010" version_string="2.0.0 Alpha"><![CDATA[Resource ratings]]></phrase>
  <phrase title="xfrm_resource_review_in_x" version_id="2000010" version_string="2.0.0 Alpha"><![CDATA[Resource review in '{title}']]></phrase>
  <phrase title="xfrm_resource_thread_create" version_id="2000010" version_string="2.0.0 Alpha"><![CDATA[{username} submitted a new resource:

[url={resource_link}][plain]{title}[/plain][/url] - [plain]{tag_line}[/plain]

[quote]{snippet}[/quote]

[url={resource_link}]Read more about this resource...[/url]]]></phrase>
  <phrase title="xfrm_resource_thread_delete" version_id="2000010" version_string="2.0.0 Alpha"><![CDATA[This resource has been removed and is no longer available for download.]]></phrase>
  <phrase title="xfrm_resource_thread_update" version_id="2000010" version_string="2.0.0 Alpha"><![CDATA[{username} updated [url={resource_link}][plain]{resource_title}[/plain][/url] with a new update entry:

[url={update_link}][plain]{title}[/plain][/url]

[quote]{snippet}[/quote]

[url={update_link}]Read the rest of this update entry...[/url]]]></phrase>
  <phrase title="xfrm_resource_update" version_id="2000010" version_string="2.0.0 Alpha"><![CDATA[Resource update]]></phrase>
  <phrase title="xfrm_resource_update_in_x" version_id="2000010" version_string="2.0.0 Alpha"><![CDATA[Resource update in '{title}']]></phrase>
  <phrase title="xfrm_resource_updates" version_id="2000010" version_string="2.0.0 Alpha"><![CDATA[Resource updates]]></phrase>
  <phrase title="xfrm_resource_version" version_id="2000010" version_string="2.0.0 Alpha"><![CDATA[Resource version]]></phrase>
  <phrase title="xfrm_resource_version_in_x" version_id="2000010" version_string="2.0.0 Alpha"><![CDATA[Resource version in '{title}']]></phrase>
  <phrase title="xfrm_resource_watched" version_id="2000010" version_string="2.0.0 Alpha"><![CDATA[Resource watched]]></phrase>
  <phrase title="xfrm_resource_x_new_watched_category" version_id="2000010" version_string="2.0.0 Alpha"><![CDATA[{resource} - New resource in watched category]]></phrase>
  <phrase title="xfrm_resource_x_updated_y" version_id="2000010" version_string="2.0.0 Alpha"><![CDATA[{resource} updated: {update}]]></phrase>
  <phrase title="xfrm_resource_x_was_reassigned_to_you" version_id="2000010" version_string="2.0.0 Alpha"><![CDATA[The resource {title} was reassigned to you.]]></phrase>
  <phrase title="xfrm_resources" version_id="2000010" version_string="2.0.0 Alpha"><![CDATA[Resources]]></phrase>
  <phrase title="xfrm_resources_by_x" version_id="2000010" version_string="2.0.0 Alpha"><![CDATA[Resources by {name}]]></phrase>
  <phrase title="xfrm_review_is_required" version_id="2000010" version_string="2.0.0 Alpha"><![CDATA[A review is required.]]></phrase>
  <phrase title="xfrm_reviews" version_id="2000010" version_string="2.0.0 Alpha"><![CDATA[Reviews]]></phrase>
  <phrase title="xfrm_search_child_categories_as_well" version_id="2000010" version_string="2.0.0 Alpha"><![CDATA[Search child categories as well]]></phrase>
  <phrase title="xfrm_search_in_categories" version_id="2000010" version_string="2.0.0 Alpha"><![CDATA[Search in categories]]></phrase>
  <phrase title="xfrm_search_resources" version_id="2000010" version_string="2.0.0 Alpha"><![CDATA[Search resources]]></phrase>
  <phrase title="xfrm_share_this_resource" version_id="2000010" version_string="2.0.0 Alpha"><![CDATA[Share this resource]]></phrase>
  <phrase title="xfrm_stop_notification_emails_from_all_resources" version_id="2000010" version_string="2.0.0 Alpha"><![CDATA[Stop notification emails from all resources]]></phrase>
  <phrase title="xfrm_submission_date" version_id="2000010" version_string="2.0.0 Alpha"><![CDATA[Submission date]]></phrase>
  <phrase title="xfrm_submit_review_anonymously" version_id="2000010" version_string="2.0.0 Alpha"><![CDATA[Submit review anonymously]]></phrase>
  <phrase title="xfrm_tag_line" version_id="2000010" version_string="2.0.0 Alpha"><![CDATA[Tag line]]></phrase>
  <phrase title="xfrm_there_no_resources_matching_your_filters" version_id="2000010" version_string="2.0.0 Alpha"><![CDATA[There are no resources matching your filters.]]></phrase>
  <phrase title="xfrm_this_category" version_id="2000010" version_string="2.0.0 Alpha"><![CDATA[This category]]></phrase>
  <phrase title="xfrm_top_resources" version_id="2000010" version_string="2.0.0 Alpha"><![CDATA[Top resources]]></phrase>
  <phrase title="xfrm_unapprove_resources" version_id="2000010" version_string="2.0.0 Alpha"><![CDATA[Unapprove resources]]></phrase>
  <phrase title="xfrm_undelete_resource" version_id="2000010" version_string="2.0.0 Alpha"><![CDATA[Undelete resource]]></phrase>
  <phrase title="xfrm_undelete_resources" version_id="2000010" version_string="2.0.0 Alpha"><![CDATA[Undelete resources]]></phrase>
  <phrase title="xfrm_unfeature_resources" version_id="2000010" version_string="2.0.0 Alpha"><![CDATA[Unfeature resources]]></phrase>
  <phrase title="xfrm_unwatch_resource" version_id="2000010" version_string="2.0.0 Alpha"><![CDATA[Unwatch resource]]></phrase>
  <phrase title="xfrm_update_message" version_id="2000010" version_string="2.0.0 Alpha"><![CDATA[Update message]]></phrase>
  <phrase title="xfrm_update_resource" version_id="2000010" version_string="2.0.0 Alpha"><![CDATA[Update resource]]></phrase>
  <phrase title="xfrm_update_thread_title_on_resource_deletion" version_id="2000010" version_string="2.0.0 Alpha"><![CDATA[Update thread title on resource deletion]]></phrase>
  <phrase title="xfrm_update_title" version_id="2000010" version_string="2.0.0 Alpha"><![CDATA[Update title]]></phrase>
  <phrase title="xfrm_update_x_in_resource_y" version_id="2000010" version_string="2.0.0 Alpha"><![CDATA[Update '{title}' in resource '{resource}']]></phrase>
  <phrase title="xfrm_updates" version_id="2000010" version_string="2.0.0 Alpha"><![CDATA[Updates]]></phrase>
  <phrase title="xfrm_upload_custom_icon" version_id="2000010" version_string="2.0.0 Alpha"><![CDATA[Upload a custom icon]]></phrase>
  <phrase title="xfrm_upload_new_icon" version_id="2000010" version_string="2.0.0 Alpha"><![CDATA[Upload a new icon]]></phrase>
  <phrase title="xfrm_uploaded_file" version_id="2000010" version_string="2.0.0 Alpha"><![CDATA[Uploaded file]]></phrase>
  <phrase title="xfrm_uploaded_files" version_id="2000010" version_string="2.0.0 Alpha"><![CDATA[Uploaded files]]></phrase>
  <phrase title="xfrm_user_has_submitted_at_least_x_resources" version_id="2000010" version_string="2.0.0 Alpha"><![CDATA[User has submitted at least X resources]]></phrase>
  <phrase title="xfrm_version" version_id="2000010" version_string="2.0.0 Alpha"><![CDATA[Version]]></phrase>
  <phrase title="xfrm_version_number" version_id="2000010" version_string="2.0.0 Alpha"><![CDATA[Version number]]></phrase>
  <phrase title="xfrm_view_all_featured_resources" version_id="2000010" version_string="2.0.0 Alpha"><![CDATA[View all featured resources]]></phrase>
  <phrase title="xfrm_view_this_resource" version_id="2000010" version_string="2.0.0 Alpha"><![CDATA[View this resource]]></phrase>
  <phrase title="xfrm_viewing_resource" version_id="2000034" version_string="2.0.0 Beta 4"><![CDATA[Viewing resource]]></phrase>
  <phrase title="xfrm_viewing_resource_category" version_id="2000034" version_string="2.0.0 Beta 4"><![CDATA[Viewing resource category]]></phrase>
  <phrase title="xfrm_viewing_resources" version_id="2000034" version_string="2.0.0 Beta 4"><![CDATA[Viewing resources]]></phrase>
  <phrase title="xfrm_watch_resource" version_id="2000010" version_string="2.0.0 Alpha"><![CDATA[Watch resource]]></phrase>
  <phrase title="xfrm_watch_this_resource" version_id="2000010" version_string="2.0.0 Alpha"><![CDATA[Watch this resource]]></phrase>
  <phrase title="xfrm_watched_category_email_html_footer" version_id="2000010" version_string="2.0.0 Alpha"><![CDATA[<p class="minorText">Please do not reply to this message. You must visit the forum to reply.</p>

<p class="minorText">This message was sent to you because you opted to watch the category "{category}" at {board} with email notification of new resources or updates.</p>

<p class="minorText">If you no longer wish to receive these emails, you may <a href="{disable_this_link}">disable emails from this category</a> or <a href="{disable_all_link}">disable all emails</a>.</p>]]></phrase>
  <phrase title="xfrm_watched_category_resource_email_html" version_id="2000010" version_string="2.0.0 Alpha"><![CDATA[<p>{author} created a resource within a category you are watching at {board}.</p>]]></phrase>
  <phrase title="xfrm_watched_category_update_email_html" version_id="2000010" version_string="2.0.0 Alpha"><![CDATA[<p>{author} updated a resource within a category you are watching at {board}.</p>]]></phrase>
  <phrase title="xfrm_watched_resource_email_html_footer" version_id="2000033" version_string="2.0.0 Beta 3"><![CDATA[<p class="minorText">Please do not reply to this message. You must visit the forum to reply.</p>

<p class="minorText">This message was sent to you because you opted to watch the resource "{resource}" at {board} with email notification of updates.</p>

<p class="minorText">If you no longer wish to receive these emails, you may <a href="{disable_this_link}">disable emails from this resource</a> or <a href="{disable_all_link}">disable all emails</a>.</p>]]></phrase>
  <phrase title="xfrm_watched_resource_update_email_html" version_id="2000010" version_string="2.0.0 Alpha"><![CDATA[<p>{author} updated a resource you are watching at {board}.</p>]]></phrase>
  <phrase title="xfrm_watched_resources" version_id="2000010" version_string="2.0.0 Alpha"><![CDATA[Watched resources]]></phrase>
  <phrase title="xfrm_will_require_users_provide_at_least_tags_when_creating_resource" version_id="2000010" version_string="2.0.0 Alpha"><![CDATA[This will require users to provide at least this many tags when creating a resource.]]></phrase>
  <phrase title="xfrm_x_created_resource_y" version_id="2000010" version_string="2.0.0 Alpha"><![CDATA[{name} created the resource {title}.]]></phrase>
  <phrase title="xfrm_x_created_resource_y_in_category_z" version_id="2000010" version_string="2.0.0 Alpha"><![CDATA[{username} created the resource {title} in {category}.]]></phrase>
  <phrase title="xfrm_x_has_not_posted_any_resources_yet" version_id="2000010" version_string="2.0.0 Alpha"><![CDATA[{name} has not posted any resources yet.]]></phrase>
  <phrase title="xfrm_x_liked_your_resource_y" version_id="2000010" version_string="2.0.0 Alpha"><![CDATA[{name} liked your resource {title}.]]></phrase>
  <phrase title="xfrm_x_liked_your_update_for_resource_y" version_id="2000010" version_string="2.0.0 Alpha"><![CDATA[{name} liked your update for resource {title}.]]></phrase>
  <phrase title="xfrm_x_liked_your_update_resource_y" version_id="2000010" version_string="2.0.0 Alpha"><![CDATA[{name} liked your update to resource {title}.]]></phrase>
  <phrase title="xfrm_x_liked_ys_resource_z" version_id="2000010" version_string="2.0.0 Alpha"><![CDATA[{name} liked {author}'s resource {title}.]]></phrase>
  <phrase title="xfrm_x_liked_ys_update_for_resource_z" version_id="2000010" version_string="2.0.0 Alpha"><![CDATA[{name} liked {author}'s update for resource {title}.]]></phrase>
  <phrase title="xfrm_x_mentioned_you_in_resource_y" version_id="2000010" version_string="2.0.0 Alpha"><![CDATA[{name} mentioned you in the resource {title}.]]></phrase>
  <phrase title="xfrm_x_mentioned_you_in_update_resource_y" version_id="2000010" version_string="2.0.0 Alpha"><![CDATA[{name} mentioned you in an update to the resource {title}.]]></phrase>
  <phrase title="xfrm_x_replied_review_resource_y" version_id="2000010" version_string="2.0.0 Alpha"><![CDATA[{name} replied to your review of the resource {title}.]]></phrase>
  <phrase title="xfrm_x_reviewed_resource_y" version_id="2000010" version_string="2.0.0 Alpha"><![CDATA[{username} reviewed the resource {title}.]]></phrase>
  <phrase title="xfrm_x_updated_resource_y" version_id="2000010" version_string="2.0.0 Alpha"><![CDATA[{name} updated the resource {title}.]]></phrase>
  <phrase title="xfrm_x_updated_resource_y_with_update_z" version_id="2000010" version_string="2.0.0 Alpha"><![CDATA[{username} updated the resource {title} with {update}.]]></phrase>
  <phrase title="xfrm_you_have_already_rated_this_version_rerating_remove_existing" version_id="2000010" version_string="2.0.0 Alpha"><![CDATA[You have already rated this version. Re-rating it will remove your existing rating or review.]]></phrase>
  <phrase title="xfrm_you_have_not_posted_any_resources_yet" version_id="2000010" version_string="2.0.0 Alpha"><![CDATA[You have not posted any resources yet.]]></phrase>
  <phrase title="xfrm_you_may_not_add_resources_to_this_category" version_id="2000010" version_string="2.0.0 Alpha"><![CDATA[You may not add resources to this category.]]></phrase>
  <phrase title="xfrm_you_must_upload_file_or_provide_external_download_url" version_id="2000010" version_string="2.0.0 Alpha"><![CDATA[You must upload a file or provide an external download URL.]]></phrase>
  <phrase title="xfrm_you_not_watching_any_resources" version_id="2000010" version_string="2.0.0 Alpha"><![CDATA[You are not watching any resources.]]></phrase>
  <phrase title="xfrm_you_only_rate_resource_version_downloaded" version_id="2000010" version_string="2.0.0 Alpha"><![CDATA[You can only rate a resource version that you have downloaded.]]></phrase>
  <phrase title="xfrm_you_sure_you_want_to_apply_prefix_to_x_resources" version_id="2000010" version_string="2.0.0 Alpha"><![CDATA[Are you sure you want to apply a prefix to {total} resource(s)?]]></phrase>
  <phrase title="xfrm_you_sure_you_want_to_delete_this_review_response" version_id="2000010" version_string="2.0.0 Alpha"><![CDATA[Are you sure you want to delete this review response?]]></phrase>
  <phrase title="xfrm_you_sure_you_want_to_delete_x_resources" version_id="2000010" version_string="2.0.0 Alpha"><![CDATA[Are you sure you want to delete {total} resource(s)?]]></phrase>
  <phrase title="xfrm_you_sure_you_want_to_move_x_resources" version_id="2000010" version_string="2.0.0 Alpha"><![CDATA[Are you sure you want to move {total} resource(s)?]]></phrase>
  <phrase title="xfrm_you_sure_you_want_to_reassign_x_resources" version_id="2000010" version_string="2.0.0 Alpha"><![CDATA[Are you sure you want to reassign {total} resource(s)?]]></phrase>
  <phrase title="xfrm_you_sure_you_want_to_unwatch_this_resource" version_id="2000010" version_string="2.0.0 Alpha"><![CDATA[Are you sure you want to unwatch this resource?]]></phrase>
  <phrase title="xfrm_your_resource_x_was_deleted" version_id="2000010" version_string="2.0.0 Alpha"><![CDATA[Your resource {title} was deleted.]]></phrase>
  <phrase title="xfrm_your_resource_x_was_edited" version_id="2000010" version_string="2.0.0 Alpha"><![CDATA[Your resource {title} was edited.]]></phrase>
  <phrase title="xfrm_your_resource_x_was_moved" version_id="2000010" version_string="2.0.0 Alpha"><![CDATA[Your resource {title} was moved to a different category.]]></phrase>
  <phrase title="xfrm_your_resource_x_was_reassigned_to_y" version_id="2000010" version_string="2.0.0 Alpha"><![CDATA[Your resource {title} was reassigned to {to}.]]></phrase>
  <phrase title="xfrm_your_review_for_x_was_deleted" version_id="2000010" version_string="2.0.0 Alpha"><![CDATA[Your review for {title} was deleted.]]></phrase>
  <phrase title="xfrm_your_review_must_be_at_least_x_characters" version_id="2000010" version_string="2.0.0 Alpha"><![CDATA[Your review must be at least {min} characters.]]></phrase>
  <phrase title="xfrm_your_update_x_for_y_was_deleted" version_id="2000010" version_string="2.0.0 Alpha"><![CDATA[Your update {update} for {resource} was deleted.]]></phrase>
  <phrase title="xfrm_your_update_x_for_y_was_edited" version_id="2000010" version_string="2.0.0 Alpha"><![CDATA[Your update {update} for {resource} was edited.]]></phrase>
  <phrase title="you_sure_you_want_to_stop_watching_all_resources" version_id="2000036" version_string="2.0.0 Beta 6"><![CDATA[Are you sure you want to stop watching <b>all</b> resources?]]></phrase>
  <phrase title="you_sure_you_want_to_update_notification_settings_for_all_resources" version_id="2000036" version_string="2.0.0 Beta 6"><![CDATA[Are you sure you want to update your email notification settings for <b>all</b> resources?]]></phrase>
</phrases>
