<?xml version="1.0" encoding="utf-8"?>
<template_modifications>
  <modification type="public" template="core.less" modification_key="xfrm_core_less_append" description="Append core_xfrm.less to core.less" execution_order="10" enabled="1" action="preg_replace">
    <find><![CDATA[/$/]]></find>
    <replace><![CDATA[{{ include('core_xfrm.less') }}]]></replace>
  </modification>
  <modification type="admin" template="helper_criteria" modification_key="xfrm_helper_criteria_resource_count" description="Add the resource count criteria." execution_order="10" enabled="1" action="str_replace">
    <find><![CDATA[<!--[XF:user:content_after_messages]-->]]></find>
    <replace><![CDATA[$0
<xf:option name="user_criteria[resource_count][rule]" value="resource_count" selected="{$criteria.resource_count}"
	label="{{ phrase('xfrm_user_has_submitted_at_least_x_resources:') }}">
	<xf:numberbox name="user_criteria[resource_count][data][resources]" value="{$criteria.resource_count.resources}"
		size="5" min="0" step="1" />
</xf:option>]]></replace>
  </modification>
  <modification type="public" template="member_list_macros" modification_key="xfrm_member_list_macros_resource_count" description="Add the resource count to member stats." execution_order="52" enabled="1" action="str_replace">
    <find><![CDATA[<!--[XF:stats:after_messages]-->]]></find>
    <replace><![CDATA[$0
<xf:if is="$xf.visitor.canViewResources() AND $user.xfrm_resource_count">
	<li><dl class="pairs pairs--inline">
		<dt>{{ phrase('xfrm_resources') }}</dt>
		<dd>{$user.xfrm_resource_count|number}</dd>
	</dl></li>
</xf:if>]]></replace>
  </modification>
  <modification type="public" template="member_macros" modification_key="xfrm_member_macros_resource_count" description="Add the resource count to the member stats." execution_order="10" enabled="1" action="str_replace">
    <find><![CDATA[<!--[XF:stat_pairs:above_likes]-->]]></find>
    <replace><![CDATA[<xf:if is="$xf.visitor.canViewResources() && $user.xfrm_resource_count">
	<dl class="pairs pairs--rows pairs--rows--centered menu-fauxLinkRow">
		<dt>{{ phrase('xfrm_resources') }}</dt>
		<dd>
			<a href="{{ link('resources/authors', $user) }}" class="menu-fauxLinkRow-linkRow u-concealed">
				{$user.xfrm_resource_count|number}
			</a>
		</dd>
	</dl>
</xf:if>
$0]]></replace>
  </modification>
  <modification type="public" template="member_view" modification_key="xfrm_member_view_add_tab" description="Add the &quot;resources&quot; tab." execution_order="52" enabled="1" action="str_replace">
    <find><![CDATA[<!--[XF:tabs:after_recent_content]-->]]></find>
    <replace><![CDATA[$0

<xf:if is="$xf.visitor.canViewResources() AND $user.xfrm_resource_count">
	<a href="{{ link('resources/authors', $user) }}"
	   class="tabs-tab"
	   id="resources"
	   role="tab">{{ phrase('xfrm_resources') }}</a>
</xf:if>]]></replace>
  </modification>
  <modification type="public" template="member_view" modification_key="xfrm_member_view_add_tab_pane" description="Add the &quot;resources&quot; tab pane." execution_order="52" enabled="1" action="str_replace">
    <find><![CDATA[<!--[XF:tab_panes:after_recent_content]-->]]></find>
    <replace><![CDATA[$0

<xf:if is="$xf.visitor.canViewResources() AND $user.xfrm_resource_count">
	<li data-href="{{ link('resources/authors', $user) }}" role="tabpanel" aria-labelledby="resources">
		<div class="blockMessage">{{ phrase('loading...') }}</div>
	</li>
</xf:if>]]></replace>
  </modification>
  <modification type="public" template="thread_view" modification_key="xfrm_thread_view_insert" description="Insert the resource header into threads when appropriate." execution_order="10" enabled="1" action="str_replace">
    <find><![CDATA[<!--[XF:content_top]-->]]></find>
    <replace><![CDATA[$0
<xf:include template="xfrm_thread_insert" />]]></replace>
  </modification>
  <modification type="admin" template="tools_rebuild" modification_key="xfrm_tools_rebuild" description="Append resource manager rebuilds to the end of the rebuild caches system." execution_order="10" enabled="1" action="str_replace">
    <find><![CDATA[<!--[XF:rebuild_bottom]-->]]></find>
    <replace><![CDATA[$0
<xf:include template="xfrm_tools_rebuild" />]]></replace>
  </modification>
  <modification type="public" template="whats_new_wrapper" modification_key="xfrm_whats_new_wrapper_link" description="Add the &quot;new resources&quot; link to what's new pages." execution_order="5" enabled="1" action="str_replace">
    <find><![CDATA[<!--[XF:links:after_thread]-->]]></find>
    <replace><![CDATA[$0
<xf:if is="$xf.visitor.canViewResources()">
	<a class="{$baseClass} {{ $pageSelected == 'new_resource' ? {$selectedClass} : '' }}" href="{{ link('whats-new/resources') }}" rel="nofollow">{{ phrase('xfrm_new_resources') }}</a>
</xf:if>]]></replace>
  </modification>
</template_modifications>
