{
    "src/addons/XFRM/addon.json": "6071328a299429ac97026269ae4159ae8779518817738ed0097916b155f733f0",
    "src/addons/XFRM/Admin/Controller/Category.php": "6d1b4fa7fa77bb36fc9a8557ba59d59397c26b00b8c0c77c86ad72b1a0113814",
    "src/addons/XFRM/Admin/Controller/Permission.php": "e46108aa634acd990308eb35b364a78e776a37093b8513e439c90026dbdf6b8c",
    "src/addons/XFRM/Admin/Controller/ResourceField.php": "d3650faeded1af4bfef355b06ba24b29fa795236728047e25734bd6ba1d8f3f7",
    "src/addons/XFRM/Admin/Controller/ResourceItem.php": "943324280c38d8954f18a69098f369c241950e12be4ff303b33cdd7a43f67fb2",
    "src/addons/XFRM/Admin/Controller/ResourcePrefix.php": "069c71fbc979de82d5a4c27b12cd742666d315f4bcccd511922322613fc11053",
    "src/addons/XFRM/Alert/ResourceRating.php": "7220edbc3229f5e11fb7028bb74b48cc50926222a3a6648e259d0b6b3e73c790",
    "src/addons/XFRM/Alert/ResourceUpdate.php": "6cad382868d6337a169d1a66d8953e01339defc3ab17d810c9df5cd57b52975f",
    "src/addons/XFRM/ApprovalQueue/ResourceItem.php": "7ae41526d905618fefe2e1e3691123650997fd38232c811ab00788f9d9b68e93",
    "src/addons/XFRM/ApprovalQueue/ResourceUpdate.php": "7229d989eb3599a11dc0959438c9856feb4dbf23590352057ee8f67b00df729f",
    "src/addons/XFRM/ApprovalQueue/ResourceVersion.php": "17960a171b97688055e98c1e837a0e0919d6e497ec469261aef92756baa31628",
    "src/addons/XFRM/Attachment/ResourceUpdate.php": "013e3c4cbcde10aefe2c2420bb9ba0da19275ac1d28c8664333f885e563ffa54",
    "src/addons/XFRM/Attachment/ResourceVersion.php": "d80bf18b3f88ffba1b0fccd19376bb5bc6503f0f72eb74f4eb40d8e06d57d3a5",
    "src/addons/XFRM/Cli/Command/Rebuild/RebuildResourceItems.php": "91160efcececdd3fd46976745ebe804cf06607a38239243c8c5d2e243f8ba1e2",
    "src/addons/XFRM/Cli/Command/Rebuild/RebuildUserResourceCounts.php": "47a15f39bb47d106e52af4b80a55d4dad2cd2ed719fe14a699f1741af5b2f6c6",
    "src/addons/XFRM/ControllerPlugin/CategoryPermission.php": "6b1cf9a7460473cecbb35c06263d04caa760d760c4a92fd5289d4000ded5f7f6",
    "src/addons/XFRM/ControllerPlugin/CategoryTree.php": "db7d890d0649531946539310adf1bb4629a196178570619abce816f54fbec8ad",
    "src/addons/XFRM/ControllerPlugin/Overview.php": "dff9352628de8ec9d2e277cc05a949e090b3c374b0c260f80d4d734cd5f5789b",
    "src/addons/XFRM/ControllerPlugin/ResourceIcon.php": "999f64607e000da27868abbb88c7f26fa8978f2535ab1118d40c63cb104343c0",
    "src/addons/XFRM/EmailStop/Category.php": "507ab52e1b41f60d70b327787bb0c50e0325672c6371ab16ef720490b3ec5a7b",
    "src/addons/XFRM/EmailStop/ResourceItem.php": "372ef59c7c506b37a67485cb0216afec77e60123c471c6bda257688decdd0338",
    "src/addons/XFRM/Entity/Category.php": "55dc2a28953b2ef7938eefac0c3ab47f8061b4c223e8da23112dea9ddd233d17",
    "src/addons/XFRM/Entity/CategoryField.php": "f3930695242436e935b13267e9768f7d6b4e179e9334fca509c556522640e287",
    "src/addons/XFRM/Entity/CategoryPrefix.php": "7b9b3375d67600a00d6ec7eda5d5aa7335c8e72b057b2693c845f8edc9b33a43",
    "src/addons/XFRM/Entity/CategoryWatch.php": "4293255ccf80dbca352f6d4f444290c64580a4c165cd81113e8d32b81e2c7b3b",
    "src/addons/XFRM/Entity/ResourceDownload.php": "c8d2ec3fac1289cc53a7a31c8fb5d90b5cf359d62b4bbceb4217d0eccf1cffe7",
    "src/addons/XFRM/Entity/ResourceFeature.php": "1de001a4a1487deb1f57e62c80708b6f495227457f5c7bfe7cc43a57f53846aa",
    "src/addons/XFRM/Entity/ResourceField.php": "59874a05c853d78c238483ffdc830beb97784d6954af205641072de01395840e",
    "src/addons/XFRM/Entity/ResourceFieldValue.php": "76ed6e6116a62e6dcec4ec68e9f0f3936c08e453583c5e2600e3b8febc60fc5d",
    "src/addons/XFRM/Entity/ResourceItem.php": "f7d8b80a91acc553a2d810116d56880f604156bf9f6ad49a3229ccf31ccab7b9",
    "src/addons/XFRM/Entity/ResourcePrefix.php": "1985318f678cffa62c038ba16f3d2c058018bed5cbc6fd175aa90c1fc2eda8c7",
    "src/addons/XFRM/Entity/ResourcePrefixGroup.php": "6e59c5c9b1b6580688fb278c60d812037ee1100321e3c8c87b4ee7a16122bb58",
    "src/addons/XFRM/Entity/ResourceRating.php": "1178c4f53f9e96035feb76dbc61fc69ed2bfa11c07a005271a7b84cb85d6c8f9",
    "src/addons/XFRM/Entity/ResourceUpdate.php": "4a58d2d6413b9f6fdcc2e3b28daf34d4424b63979af639ff8332a8ca446bbcc1",
    "src/addons/XFRM/Entity/ResourceVersion.php": "060a339e0dfb2c6a3ac7300bf2eebcbe5f653f67fef1315b6651e435f253a3a5",
    "src/addons/XFRM/Entity/ResourceWatch.php": "130d05bd92415653a4a81b6dac58688550dc6719e6b6e05020e873ba303709ed",
    "src/addons/XFRM/Finder/ResourceItem.php": "9bbfcedc9671f96b574815a7b2610eeefd3607c07abb38538d8cf1ab69b0bf14",
    "src/addons/XFRM/Finder/ResourceRating.php": "7e8fe72f873b52f949c0a16b5b3bfbe904e8d364189484c7dd2ef7261a63aa64",
    "src/addons/XFRM/Finder/ResourceUpdate.php": "23240279361ed21c340c21339c74e6a0043cbe1338b717cbb11d015addf64708",
    "src/addons/XFRM/Finder/ResourceVersion.php": "191029c955f88d83b72eb978c1224f096526258e6774c2d82433a55a769859a6",
    "src/addons/XFRM/FindNew/ResourceItem.php": "a6adadef77399ef69f4c8da5be03c9bd58ffcde8a80e97de88bac4c7e8df3f01",
    "src/addons/XFRM/icon.png": "82f697cb0e50fb1d7582cee9ba79de69ff0d3079c7bae5061afce55f1396b206",
    "src/addons/XFRM/InlineMod/ResourceItem.php": "801c440c0c16543cfc84ad9a4e50615d7f721e14aad8025a658de198c4acabf8",
    "src/addons/XFRM/InlineMod/ResourceItem/ApplyPrefix.php": "5f600e996e2c959494b47a424fe32cc479d4cf84bb73e4d01216feed8d44f279",
    "src/addons/XFRM/InlineMod/ResourceItem/Delete.php": "7c124a4cfcc5ca35d42daf9a577f2c8339f56ca2c26bec4fc12265d0dbcdcf1c",
    "src/addons/XFRM/InlineMod/ResourceItem/Move.php": "f411b16d04343a64bb5c725f807aa14ddc0ae3d98faab946da0c7a86c1b0a5b8",
    "src/addons/XFRM/InlineMod/ResourceItem/Reassign.php": "4bc39565ad2106593f418bacd741a0f99d3b98d44a3b41b2c99cc88d41b5df26",
    "src/addons/XFRM/Job/Category.php": "7ef403cb5a58eb52a046f8b82640b9f59e99b6ae039c10782d8d5649dd4a336e",
    "src/addons/XFRM/Job/CategoryDelete.php": "0f7b74af7e7e891d5f505c307d313bb2a3ddf855275f36947736417169d0928a",
    "src/addons/XFRM/Job/ResourceItem.php": "553302d90bbed630e6f805fd2024a3f1197b90e63b4d019534d45aa4f508546f",
    "src/addons/XFRM/Job/ResourceUpdateEmbedMetadata.php": "9196d80ad403cf0c87d376cd49ccea19876cdaa921b51934228c1ad2f5b4f673",
    "src/addons/XFRM/Job/UserResourceCount.php": "6eb7635f8eb87de29e1b282f35ed0807238917d69318e33e8794f0317bed343e",
    "src/addons/XFRM/Like/ResourceUpdate.php": "dc7635478bedf69383a9da2282dbd4c1bb7022e6719d90740e80a096224e02b3",
    "src/addons/XFRM/Listener.php": "c747b651656b439e9378dee8102b699c6c95c644ecb7f6db8d447100cff057da",
    "src/addons/XFRM/ModeratorLog/ResourceItem.php": "429d21fed194a9becf4a57728831db31ce38c87a1c05354a5e7aa64b87b0b1ae",
    "src/addons/XFRM/ModeratorLog/ResourceRating.php": "d6b68176521ece906ea21af40347d96d24338aa4cbb65e7a6d3a94eea5261dc5",
    "src/addons/XFRM/ModeratorLog/ResourceUpdate.php": "44135bebc1f79bae17497fed2c02349cc6d0f8a5e9280a3b3424ecdbf29cee9b",
    "src/addons/XFRM/ModeratorLog/ResourceVersion.php": "d0f4478b193113ae2468e7ee71f10679167ee108390d0b38914352b049aa4a54",
    "src/addons/XFRM/NewsFeed/ResourceItem.php": "d9ce79cd51712fa5139a0959d399a38ccfc763d97d89b9c34fa31b9794c0d210",
    "src/addons/XFRM/NewsFeed/ResourceRating.php": "72df874f067b7c370822c2f11f5223934a65ee684a131aae790d1375dd76614a",
    "src/addons/XFRM/NewsFeed/ResourceUpdate.php": "84b5cf332bada2d5d0a4d8405c9a16b7d70a7269a4f3d4681968298e2d02091b",
    "src/addons/XFRM/Notifier/ResourceUpdate/AbstractWatch.php": "4e0bad4fc38b1c5a584f1d87f6bbb79fb178aa3a918ae9733c7eae7ca7a4574a",
    "src/addons/XFRM/Notifier/ResourceUpdate/CategoryWatch.php": "87a8176094b450568aef3cdaa39f12b1cb48ed31f57e0cbf954276562a4930ae",
    "src/addons/XFRM/Notifier/ResourceUpdate/Mention.php": "15978cee1fd2097b4a9f0ba28bae1053a158d5ee94c9ed5fea5ce21fe5d7c6b4",
    "src/addons/XFRM/Notifier/ResourceUpdate/ResourceWatch.php": "56d1dac21f4ecb43741ca711bd1685fc5c4e1546fe9d1db7d19de4702f5a2d5c",
    "src/addons/XFRM/Permission/CategoryPermissions.php": "1999948086197626106d206c37aea6fdfd7367dbe9819b16580b866db9a74cb6",
    "src/addons/XFRM/Pub/Controller/Author.php": "1de1a5ed8a86953aa68b78914798abe6a5a696bd2a34dc079c2758e72e27ecd8",
    "src/addons/XFRM/Pub/Controller/Category.php": "d5121f5f6033a4192e9efff4f204c587d8eefa4474d774dec9ecf698bf27132f",
    "src/addons/XFRM/Pub/Controller/ResourceItem.php": "35f7ad2d82492362187ecbeb945b3516320236288d565a78fc8167d939ac4ecd",
    "src/addons/XFRM/Pub/Controller/ResourceReview.php": "92dfd28d9ec30baddc44cdc88fa607dcd888e1bb0eff3c857820fe6eb372eaa4",
    "src/addons/XFRM/Pub/Controller/ResourceUpdate.php": "696d7b9ff3411dfdab7758d342c05079054abc864c10811bb187b55fad02a353",
    "src/addons/XFRM/Pub/Controller/ResourceVersion.php": "c98b2e3e2516c8dd7673adef6d40eea66541b2cb1c6e965403fa9762f09c95b5",
    "src/addons/XFRM/Pub/Controller/WhatsNewResource.php": "8acc93a462f848b4490984f6205fdf9c9c26392952f8ade58c7f6c3c1cb3d2a1",
    "src/addons/XFRM/Report/ResourceRating.php": "27b8727346d9ec3101e363814a3612d4ff936f3254b86f877cee437f6f117242",
    "src/addons/XFRM/Report/ResourceUpdate.php": "8f35bc1714ae8797d165a9c1c597538c74146ab9dfece132873dd09d4498ed6d",
    "src/addons/XFRM/Repository/Category.php": "5226a9b896ce759d5767aeddcbee4caeeb66518bf6a5bf72851f65a4ad03eb50",
    "src/addons/XFRM/Repository/CategoryField.php": "939e5575c5407f187fbac46c3586a0f6580cee6f593a8095bc392f406f806065",
    "src/addons/XFRM/Repository/CategoryPrefix.php": "f613a49109db40960d6a69dcd698d23b4d4e1fb2abcea05e2f2d157b7a14552f",
    "src/addons/XFRM/Repository/CategoryWatch.php": "b9c777b4003ee0e740cf4503d7507b0d3eb37bb8f55fa70a7e847ae75684fd2e",
    "src/addons/XFRM/Repository/ResourceField.php": "fb24129e06e5cb3f70f2b9990a27b66e08867d80f00f32ed91662b7c33be93c8",
    "src/addons/XFRM/Repository/ResourceItem.php": "da3f748c72cd97716b6031e24544f2d2cd0c65953e29b90c365283a64e3efbc5",
    "src/addons/XFRM/Repository/ResourcePrefix.php": "f380ccff7c4e56908593e0cbfdc1f6cafc0098e5b1a0c1b8386b27b4afe4596f",
    "src/addons/XFRM/Repository/ResourceRating.php": "b7135ba4bd74b9f6e4834c40aa2ee5ecf6637d2ecba0e4658d646544ddc950fe",
    "src/addons/XFRM/Repository/ResourceUpdate.php": "1245fbf775369bbe0d40ac18e7d2789adc3b9915052736e991923dc2e51a1dd0",
    "src/addons/XFRM/Repository/ResourceVersion.php": "ebf4433bd97fe8f6c1c84c823a147d6382071bb95ae00c316843e4eeba451055",
    "src/addons/XFRM/Repository/ResourceWatch.php": "83830fc4fbf291e6022c70946ca2b2a6bb1e3a5761e27bfbf364c28a86dd8547",
    "src/addons/XFRM/Search/Data/ResourceItem.php": "787abcdbd04f669d1bc626e4d25e491eb62d05113ede6e439dd1d4d411f312c4",
    "src/addons/XFRM/Search/Data/ResourceUpdate.php": "55d39ebffeb9daa697b27a5f6bdfbeaaf108255c53d2eb2734a80fe54559288d",
    "src/addons/XFRM/Service/ResourceItem/Approve.php": "24752d2c322f6af6c2f2b735c3213c0613a707c7ed21aac865fdbc8e0cbe4d09",
    "src/addons/XFRM/Service/ResourceItem/ChangeType.php": "64c36d1722b717298a7b1229e465c9d3b6d5e07ba23745a542b6fcd586aa32db",
    "src/addons/XFRM/Service/ResourceItem/Create.php": "589d7b9382dd7c271d4cccbf19c6a8bb95029b70a5d6a57d0f1bc7fc0d7aa737",
    "src/addons/XFRM/Service/ResourceItem/CreateVersionUpdate.php": "ea794b9c60e7921492826e4a91032a7f329fe0601c83d292161c35422e6a6771",
    "src/addons/XFRM/Service/ResourceItem/Delete.php": "383badd28c4a76583880b5e5fe904668e51466cff9b1fc3fef793d3f3fecf570",
    "src/addons/XFRM/Service/ResourceItem/Edit.php": "2864fa08e79c8b01e8da4fa2f3d2065067ba010c2d4430d069fcc691943b2357",
    "src/addons/XFRM/Service/ResourceItem/Feature.php": "cdcbbb0f5cdf28209a55f1adabc3e26dc725e67b648a0b9ac1b5b39d22fa8e3c",
    "src/addons/XFRM/Service/ResourceItem/Icon.php": "02531960d5cc71c7edcbbcad4eb06965e8e4fc6fa4010278c7a4be2ea768f46c",
    "src/addons/XFRM/Service/ResourceItem/Move.php": "a78f12e30d0ec43119b8dc105a0281114593342251376f7261989a4b4e103025",
    "src/addons/XFRM/Service/ResourceItem/Rate.php": "54cca3508e022668604d1763742b5d68ad47a3ac55f82b20ded37549dbce1f40",
    "src/addons/XFRM/Service/ResourceItem/Reassign.php": "92a4c1c444f57b4562d78a4975bb547753993b14d42e70fd62abc2c468f64799",
    "src/addons/XFRM/Service/ResourceRating/AuthorReply.php": "4842e4b3945557cd4822847a3c5cbfd27772ec9eb0f0fb369ebe1d3c25b95f05",
    "src/addons/XFRM/Service/ResourceRating/AuthorReplyDelete.php": "8aafa8812091fd296daa909f94a555da0106fb37df35096d6de0a0677f7da7f3",
    "src/addons/XFRM/Service/ResourceRating/Delete.php": "6a7eeca73db7585d987ce0f579811743b9eaa4a95e5b0fbc8cdc6e60b2318a5e",
    "src/addons/XFRM/Service/ResourceUpdate/Approve.php": "ae23fe11604814518693850de991d70a0c34aa9d63f7d5d6302017286310960e",
    "src/addons/XFRM/Service/ResourceUpdate/Create.php": "2beddc0ba508e70786852a34b3f615c3d23c6162b5378393640d7e0848c0f52d",
    "src/addons/XFRM/Service/ResourceUpdate/Delete.php": "15a782875d485a5704ac5000ee279a1a7379b37a301fc5911187dfa29ddbae7a",
    "src/addons/XFRM/Service/ResourceUpdate/Edit.php": "f29dc67d781fbf115b346019f57001be68dc04f0ba3a286e898d3f22f4d5663b",
    "src/addons/XFRM/Service/ResourceUpdate/Notify.php": "ad2c5ead42deb05e0f819b2f11c095a744067a9550a3f666ea55981aa074799f",
    "src/addons/XFRM/Service/ResourceUpdate/Preparer.php": "7cdc101108aa2f76452005c7b3914375115e6611f05b18eed4a9982d1e95fc1b",
    "src/addons/XFRM/Service/ResourceVersion/Create.php": "56b1151d8ad4886d57575b72f5178f1b67ef6578bbdb0606a116dd805ef1c8d5",
    "src/addons/XFRM/Service/ResourceVersion/Preparer.php": "558fa00cb95bf3c518d752934fa2b6d9c172e6b08bd0b12d8e870779efb51ed1",
    "src/addons/XFRM/Setup.php": "9299ee354c1b85561eec66a6adbadf0b73c30cdfc9b7931f74267b0472846f21",
    "src/addons/XFRM/Sitemap/ResourceItem.php": "b8437c99e06a3e2ebf82175b397185e72896da8142fcf507de24312445b7fc16",
    "src/addons/XFRM/Spam/Cleaner/ResourceItem.php": "48a74828047efcd391225e0510406a0f5cbb22cba682506d7db8da2bbd10fed6",
    "src/addons/XFRM/Spam/Cleaner/ResourceRating.php": "f6f5f2f9a81e0368766831ec65b242d53e9975b3db7d8cc962c0c5fb33e76feb",
    "src/addons/XFRM/Stats/ResourceItem.php": "714420639958f66994b271f770d7f8593ab1ba8b8cbbd29445761ea46b92cae7",
    "src/addons/XFRM/Tag/ResourceItem.php": "089cb965c2aabb3cacd6ac0131827ea5b4c1670f4132706aade7fc98d5914052",
    "src/addons/XFRM/Warning/ResourceRating.php": "8633a06cd421d7fa0fc5722ee6f697355910620b6d2f38510f57d68eabe8965e",
    "src/addons/XFRM/Warning/ResourceUpdate.php": "71affaee23d253e0561aa0589cf2f34c346376f13a56c3aa6e8e0f172e85b4b0",
    "src/addons/XFRM/Widget/LatestReviews.php": "3650dbc0183c3d5a26e657348f6e6ed3adfa471572c79552cec9626ae2831da0",
    "src/addons/XFRM/Widget/NewResources.php": "687b45af3e4fd1a85fd920e0655b0352c53dee2324195afa1ce6dc3cca03859a",
    "src/addons/XFRM/Widget/TopResources.php": "01c8a3fe2e99a32381100e11f2e5254dff4382010a56845ba21018a3ae679106",
    "src/addons/XFRM/XF/Entity/User.php": "3c9d5c37173a7ab2153837116ca7259890e9d25dceefdfc3b4bf729406122ff1",
    "src/addons/XFRM/XF/Pub/Controller/Watched.php": "08b82f5c2708a7b60ffc74df84955f110db5c286413cf28174fc47ffb220a7ca",
    "src/addons/XFRM/_data/admin_navigation.xml": "bb0aef9a643374884e64d71d6818f9ecd429fd238a4d59206b6875c57b5e5f53",
    "src/addons/XFRM/_data/admin_permission.xml": "9acfe8b7241fe62c674f78eb06923a5fe2c3714b32bbc34b1f248f0cfc6ec9e5",
    "src/addons/XFRM/_data/advertising_positions.xml": "d2f7cbe844bb1df3cf878d22ff6306249245c8ff6b0b87b9b729744bec538261",
    "src/addons/XFRM/_data/bb_codes.xml": "faa4ddd5f4a365e5ac39aebdcbe2d25aedf74e7eb9ea4a812766e2fd5e13bdb1",
    "src/addons/XFRM/_data/bb_code_media_sites.xml": "29762987990187b33e43cfb68c08dc917b2d3f0176613d78f8e6c453f82da3f3",
    "src/addons/XFRM/_data/class_extensions.xml": "3631e86dea4d07cf4f14a53250ebbe2038292e5591f7bc34cb5f18de30c85bf2",
    "src/addons/XFRM/_data/code_events.xml": "8370dec3df47f91df4cf79da253446ad11b29f4ea568fe76c774e97a0379f0eb",
    "src/addons/XFRM/_data/code_event_listeners.xml": "cd60e6035855e9bffb64d389fa00f340e43eea6744ce4769732fec18cd159e63",
    "src/addons/XFRM/_data/content_type_fields.xml": "18366a03c832916ac5fd5227ee3d4cba899dd25732af62700081134e879b0503",
    "src/addons/XFRM/_data/cron.xml": "323c4284742ef24329cd6db6f288eb9736d2353f36852e1db12591e1583aea26",
    "src/addons/XFRM/_data/help_pages.xml": "a8a0c0b06cdc550438bc8a8d385af3e1e5ab3459877dfb934c1c31be59c89163",
    "src/addons/XFRM/_data/member_stats.xml": "607d643109674647d2da88299efdff6d2e6ddf06ce368a77b7b2bd352bd94ebb",
    "src/addons/XFRM/_data/navigation.xml": "ee6336fc3a2d1a2b138f16e2fc8479534c8e5c6f91c5713c86fec2e742a3e78f",
    "src/addons/XFRM/_data/options.xml": "8440656f0c099f9fe4f5b9c1c9915bfdaf1ab74aef05d415012c36fed8e1e9c8",
    "src/addons/XFRM/_data/option_groups.xml": "7ccf6fb8eeff988e8065ddb31aae244b9fda89fc14cba1701c9a93d807c20c5d",
    "src/addons/XFRM/_data/permissions.xml": "2585518191098ecb81bf061aeb56b82ab12b589033320d07de32c32646a35845",
    "src/addons/XFRM/_data/permission_interface_groups.xml": "0793a436a6f835e7ea6597adffa008c1b3f40f4b336c9bd765e997972e2e4544",
    "src/addons/XFRM/_data/phrases.xml": "889aadd1e526353eb186c6ae960397558739603007bf0675d044570d47705079",
    "src/addons/XFRM/_data/routes.xml": "f30eed5422bb96a088e08358a6ebe396a45bd5b973d3b2b513a86206f71adf75",
    "src/addons/XFRM/_data/style_properties.xml": "8b8690a8512f01f219dd2da76e3d0c5f62afc1f317b87794a7331c859c36a7a8",
    "src/addons/XFRM/_data/style_property_groups.xml": "68e1879cb3846c42d978487aa8d5145ff3335fc39e58016878824d5cf3fd684c",
    "src/addons/XFRM/_data/templates.xml": "6f23bf0b301f09de87580e1c8c86046feca43aba86c0ea740e829c0105f70aec",
    "src/addons/XFRM/_data/template_modifications.xml": "1272d8eb56bdada11b7ab37a3749a49f820b50cee7ee3307485426ee66ee6468",
    "src/addons/XFRM/_data/widget_definitions.xml": "16f348ec1d8ce41a8e04cf8ad19a31757f7a631b17a9d04d655ac69218d8e5a8",
    "src/addons/XFRM/_data/widget_positions.xml": "22360f6cf5ab2672cd0ff42f4ae51ed2d24a75ecde8b4f4bbfdb99d7a735d2d6"
}